"","Com.ES","ES.var","Qval","Qpval","tau2","Zval","Pval","FDR","AveFC","propDataset"
"LHX6",0.634595772648772,0.00818765901062111,0.715355013713664,0.699298557636135,0,7.01321739010039,2.32902586105865e-12,9.20059890966179e-11,1.62527500639894,1
"CMKLR1",0.619196154808608,0.0362511707650663,7.4212424162673,0.0244623223570594,0.0767566974620611,3.25212501667129,0.00114545627923923,0.00395389916705429,1.16262068379313,1
"CNTN1",-0.400738761563059,0.00809673689098266,0.530809044230064,0.766895660965921,0,-4.45355005954389,8.44620041640098e-06,5.53100914060544e-05,-1.10222814898835,1
"CACNG4",-0.426193504099392,0.00810351857000097,0.166588478273314,0.920080383729707,0,-4.73445518731994,2.19644291976628e-06,1.70487478388888e-05,-1.04239214815794,1
"CPNE7",0.917152452447311,0.00836200606985863,0.746053848995552,0.68864669112804,0,10.029661883055,0,0,2.00552007137478,1
"GPR162",0.726485843916972,0.00823762274638047,1.42201125487267,0.491150035080353,0,8.00435251167565,1.11022302462516e-15,9.5761662899177e-14,1.12829857616974,1
"COL4A5",-0.365333735868983,0.00808457664465051,0.0970887316451939,0.95261507481688,0,-4.06313391818024,4.84182323499116e-05,0.000255536775150131,-1.54509892154912,1
"TNFRSF21",1.06550026348879,0.0788810355274981,15.7137649576122,0.000387078718436529,0.200516515832058,3.79373734584264,0.000148396647531301,0.000677899696353426,1.69435120803157,1
"COL6A2",0.670462947470171,0.00820542507148165,0.0627968157274569,0.969089403315663,0,7.40157663175546,1.34559030584569e-13,7.21127569423258e-12,1.2902591766275,1
"COL8A2",0.71374835191863,0.00823009520698282,1.47806977009283,0.477574607570102,0,7.86760755749285,3.5527136788005e-15,2.84548941186126e-13,1.61685659544546,1
"SLC27A6",-0.571443354700908,0.00815942252727173,0.194710311723982,0.907233739528434,0,-6.32620811735169,2.51258791550413e-10,5.60888117064375e-09,-1.3651165652588,1
"BLNK",1.09430266441582,0.085021225483955,16.9092003744499,0.000212918693193622,0.218583007942103,3.75295862394233,0.00017475970879377,0.000779921805610871,2.0933598307283,1
"ST8SIA5",0.949834036036844,0.0721676692457059,14.50588945201,0.000708086195938563,0.181077638000372,3.53570797574224,0.000406683983764866,0.00161263073759403,1.20933310906786,1
"CRHBP",1.12444823850816,0.0257005604105478,5.09002203688544,0.0784721873346561,0.0455231636093822,7.01403892568393,2.3152590955533e-12,9.17106843366317e-11,2.19387249817522,1
"PACSIN1",0.824634714354372,0.0326348286510698,6.59564845909621,0.0369635040724289,0.0659330603074333,4.56479149136247,4.9999103624021e-06,3.50402371888151e-05,1.73520066925622,1
"KCNIP1",0.577966085305923,0.00816078108486977,0.134778748114156,0.934831131471352,0,6.39788590677023,1.57542867640359e-10,3.71002000257433e-09,1.03789524654382,1
"ANO7",-0.611932709486356,0.00817739309756835,1.05588552032985,0.589817117681171,0,-6.76700083985243,1.31479271914259e-11,4.13946727147765e-10,-1.43895025853087,1
"MYEF2",0.606638203520491,0.00817428887758567,0.609604914129027,0.737269002290228,0,6.70972569932594,1.94990690260965e-11,5.97138506708843e-10,1.36320056358598,1
"CLEC4A",0.575280741740803,0.00816091682641296,0.498816737460294,0.779261682295408,0,6.36810711508731,1.91375360003576e-10,4.41404845375337e-09,1.06510774129625,1
"PI15",-0.442913371722423,0.0081089222783239,0.222237599617412,0.894832436691916,0,-4.91855150017709,8.71869797469671e-07,7.48483276661684e-06,-1.2722022634946,1
"CERCAM",-0.970642427961902,0.00839572462877698,0.241057785497831,0.886451474955482,0,-10.5932733270904,0,0,-1.39385866985259,1
"EGFL7",0.530132555563199,0.00814240046889785,0.231510148393961,0.890693350367991,0,5.87500507230267,4.22830392921014e-09,6.87901633661788e-08,1.20013942247557,1
"CRIM1",0.67628553244222,0.0209267163266522,4.33677886923211,0.114361655591637,0.0332123335293465,4.67497780317976,2.93985414967501e-06,2.21583526059011e-05,1.14430252807718,1
"CLEC1B",0.561134105736258,0.00815558234983469,1.03765139752845,0.595219104261853,0,6.21354112740524,5.18036724628246e-10,1.07417088689985e-08,1.23219505262497,1
"SLC15A3",0.517645134229721,0.00813650114124735,0.111405266728817,0.945820349491755,0,5.73869695224384,9.54077661319275e-09,1.39915393048804e-07,1.02783393849668,1
"CHST15",0.567635234258694,0.00815866010878245,0.325157210281476,0.849949277216954,0,6.28434363590121,3.29241744978503e-10,7.15254383986832e-09,1.28591570222367,1
"VCAN",0.325819764950559,0.00807588515764612,0.991163790190183,0.609216304156163,0,3.62562062541792,0.000288268296236849,0.0011946704339915,1.07436221789799,1
"RASD1",0.906676570560584,0.058992247493916,11.8676265459231,0.00264836377530546,0.142399012279053,3.73297363062601,0.000189232412320273,0.00083407238432557,1.65342847852106,1
"MPP6",1.04810633757793,0.0426471123502511,8.45106367474622,0.01461755847803,0.0942187816663511,5.07528613410782,3.86913319605497e-07,3.66236068823983e-06,1.29186215601906,1
"RAB23",-0.645004080452119,0.00819803343622046,0.957899170410935,0.619433712528964,0,-7.12373276818067,1.05049302590032e-12,4.6403141934997e-11,-1.06129400927877,1
"FXYD7",0.75099087575991,0.0343850761474701,6.98047140450277,0.0304936838941574,0.0711267929160255,4.04995003531448,5.12285697298331e-05,0.000269393528481882,1.0638300206954,1
"KCNK10",0.642346531479499,0.0561706324731665,11.4990318478705,0.00318432187748267,0.134788548907398,2.71028353262733,0.00672257137783894,0.0179313674244754,1.27247572828112,1
"GPR173",0.896469503393009,0.0429501376203671,8.62652050155293,0.0133898241704041,0.0955373226343881,4.32566856203332,1.52069929177934e-05,9.26723811716864e-05,2.31381937383969,1
"GPR85",-0.630669082409287,0.00818528175288148,0.274691805675623,0.871668661315473,0,-6.9708337348923,3.15059089928127e-12,1.19599384215685e-10,-1.57311525087762,1
"RETREG1",0.562492074755289,0.00815615479469471,1.48748828605624,0.475330872846995,0,6.22835958586422,4.71344296926191e-10,9.82945038096292e-09,1.04074362877055,1
"NEURL1B",0.525020835928767,0.00814066249253017,1.61749712501061,0.445415126777361,0,5.81897731831633,5.92087667783403e-09,9.18176801412624e-08,1.00002132253514,1
"ROBO4",0.630879008997206,0.00979171247679478,2.27364786678136,0.320836403112675,0.00387698225807201,6.37553671875367,1.82323267594597e-10,4.23879788154138e-09,1.61291394087916,1
"CTSG",-0.523286737741672,0.0426143033463182,8.76358392303889,0.0125029337586542,0.095357080790866,-2.53490700498146,0.0112477180829416,0.0277096478781543,-1.40416891618973,1
"CTSW",-0.696769516419895,0.00822073289047092,0.168121415588633,0.91937544114576,0,-7.68482307703114,1.53210777398272e-14,1.06350166768315e-12,-1.04283881515222,1
"FNBP1L",0.675395293116304,0.0119876594358093,2.65629880868171,0.264967154929229,0.00932978634133742,6.16865996811335,6.88711532248476e-10,1.39435388966473e-08,1.11351147219558,1
"SOHLH2",-0.724692331481147,0.00823438962700692,0.362081023492889,0.834401554946843,0,-7.98615912681758,1.33226762955019e-15,1.13569972140077e-13,-1.07951485603098,1
"MTARC2",-0.696631613590359,0.00821979293361462,0.274510945051056,0.871747490148928,0,-7.68374140786429,1.55431223447522e-14,1.07380139535286e-12,-1.72993733185547,1
"CYP1B1",0.425347417064356,0.00810406062582833,0.707730026661464,0.70196971751434,0,4.72489823652554,2.30230618947225e-06,1.77852238070678e-05,1.26984389344382,1
"CYP2B7P",-0.640023987224204,0.00819174705867327,0.154622995264549,0.925601486024591,0,-7.0714420077351,1.53321799700734e-12,6.36744123714416e-11,-1.35743083180253,1
"KIRREL1",0.840524101731856,0.00830598306982053,1.59058777037315,0.451448541386401,0,9.22262712821825,0,0,2.33932845235812,1
"CYP2E1",-0.615484488660677,0.00817837716829573,0.304385591097702,0.858822687587406,0,-6.80586836072081,1.00441877037838e-11,3.29761540896523e-10,-1.07220600983973,1
"STK32B",0.62023869776406,0.00935442994166315,2.19894773831744,0.333046263521097,0.00281770082195889,6.41283691857387,1.42836187322359e-10,3.41331656163612e-09,1.37535419235344,1
"HEMGN",0.547375840079645,0.00814949514873655,0.970488918031754,0.615546702429084,0,6.06345657979668,1.33226762955019e-09,2.49941637528354e-08,1.37118480571947,1
"TNFRSF19",-0.484990597173596,0.00812547254185084,0.418309269155837,0.811269775584105,0,-5.38033113333529,7.43489525500962e-08,8.54719780222991e-07,-1.04230947522532,1
"MACROH2A2",-0.63391311145924,0.008188382839703,0.363018228246919,0.834010643992864,0,-7.00536333176446,2.4633628470383e-12,9.65280651109604e-11,-1.57916745177645,1
"SAGE1",-0.544916470346488,0.00814677828491619,0.0506623712448083,0.974986956890082,0,-6.03721978022673,1.56792112626647e-09,2.87853731203858e-08,-1.61801764247009,1
"CARMIL1",0.742013836744094,0.0126146338008407,2.75905721966935,0.251697172671338,0.0108411084327565,6.60654929875334,3.93380883423333e-11,1.10487729049363e-09,1.05596660879348,1
"PPP1R9A",0.484812072743628,0.00994991302385411,2.31412293709321,0.314408724683477,0.00442035587778491,4.8603079134014,1.17203315963543e-06,9.657844752971e-06,1.24326542842448,1
"ADRB1",-0.460537984193742,0.00811434119336295,0.109409919156209,0.946764440530128,0,-5.11256477159992,3.17813960259983e-07,3.07213136519215e-06,-1.16878275786698,1
"FRMD4A",-0.62059267440787,0.0106542337246368,2.42736021570941,0.297101898076613,0.00603332772809239,-6.01236772632747,1.82832993189663e-09,3.29846106649223e-08,-1.38133901127632,1
"ZNF334",-0.751438297141566,0.00825026544560215,0.00273075899052734,0.998635552211227,0,-8.27293027818724,2.22044604925031e-16,2.1869893283731e-14,-1.72533612079656,1
"ENAH",0.619863083257421,0.0444240754302176,9.09060431916659,0.010616964214054,0.100462184755771,2.9409427692372,0.00327214983682378,0.0097402753055708,1.42891255537101,1
"DACH1",0.53767991432004,0.0272127480372187,5.61854396048358,0.0602488387749579,0.0510195317976552,3.25939963751173,0.00111648275016774,0.00387130567297695,1.07477794042008,1
"UGGT2",-0.498557412382287,0.00812902440198529,0.363521384725935,0.833800851454043,0,-5.52962861611574,3.20909445683526e-08,4.05012726383442e-07,-1.40761396068251,1
"AJAP1",0.567234863598866,0.0133996640197916,2.92762577001665,0.231352470512113,0.0131064891602392,4.90022431793456,9.57272949131394e-07,8.09876249535016e-06,1.04747820939913,1
"NXF3",-0.564832242163442,0.00815652301421287,1.26063585890799,0.532422501300509,0,-6.25413060690755,3.99736466150102e-10,8.49410855258024e-09,-1.41564252494957,1
"PCDHGB7",0.68507082091088,0.0307162550128476,6.27238435496242,0.0434479253028889,0.0607675328393934,3.90887099711544,9.27284609091306e-05,0.000449518714556833,1.29665121861321,1
"PCDHGB6",0.615753986336658,0.0264248437957591,5.43677318440859,0.065981123053647,0.0486705569920288,3.78792191445506,0.000151912574094082,0.000690714158630515,1.01485449929756,1
"PCDHGB2",0.530530430202824,0.0377458360061731,7.75942451296951,0.0206567681777313,0.0812159733240823,2.73071122081126,0.00631978212708062,0.0170088045654761,1.18469812998422,1
"PCDHGB1",0.622145744768066,0.0276365217249731,5.67707749365388,0.0585111030616917,0.0521002078935992,3.74240206149566,0.000182269579297012,0.000807002143651397,1.16344703544016,1
"PCDHGA10",0.594970164129731,0.0361120298733479,7.40166213238599,0.0247029881188652,0.0764273289710785,3.13090029324895,0.00174271317107921,0.00568675304743698,1.00931402830088,1
"PCDHB2",0.51696306814891,0.00814177125531231,1.50086276451552,0.472162826136183,0,5.7292802952385,1.00857624474315e-08,1.47314788773757e-07,1.12950822492674,1
"PARD3",0.545781760128473,0.017656684830142,3.73363037389206,0.154615299336445,0.0244655074982363,4.10737575370279,4.00179918731425e-05,0.000216410788951244,1.15165658087254,1
"KCNQ5",-0.843855939166352,0.0124752879199261,2.71867180473759,0.256831281377079,0.0103283267223988,-7.55514880517871,4.17443857259059e-14,2.51449549886996e-12,-1.2609585357286,1
"SUCNR1",-0.543175352216782,0.00814628274866528,0.2703725633961,0.873553169562802,0,-6.01811267600417,1.7646235583868e-09,3.19936786201547e-08,-1.08972667438239,1
"PRTFDC1",0.582386710712093,0.00816464374007507,1.24411633905829,0.536838395346508,0,6.44529554962226,1.15375264897466e-10,2.84092100744993e-09,1.13950800151626,1
"SHD",0.474117891369977,0.00812135659753922,1.66127813761502,0.435770709848359,0,5.26104545555332,1.43238614302987e-07,1.51964285348955e-06,1.34232949328375,1
"CEACAM19",-0.696968065696425,0.0405167716682093,8.25075625879543,0.0161573838510898,0.0889330032285361,-3.46254529009949,0.000535091850514924,0.00204349853417764,-1.14463552298077,1
"STOX2",-0.425460755202796,0.00810292836710299,0.67242888418597,0.714469876971495,0,-4.72648742573766,2.28436930749254e-06,1.76653853556068e-05,-1.07098733224846,1
"PLSCR4",0.464968078537229,0.00811827786662843,0.479658887195355,0.786762036926454,0,5.16049286955704,2.46300544182176e-07,2.46279353617967e-06,1.18394300842358,1
"CD248",0.641702340521078,0.0081958382373163,1.1179842075718,0.571785073531956,0,7.08821585154928,1.35846889293134e-12,5.7901757462749e-11,1.19600753193662,1
"ATP10A",0.857980414656127,0.0208316263706419,4.26686507778457,0.118430079508771,0.0326247200115862,5.9445062145301,2.77291456463047e-09,4.70556177050272e-08,1.60032959015364,1
"DES",0.532401315702194,0.00814726713438915,1.1636858612749,0.558867462945511,0,5.89838534577794,3.67075903007219e-09,6.05987025836493e-08,1.32903070729288,1
"SHROOM4",-0.561007749603618,0.00815391700324168,0.0768123228420758,0.962322003432307,0,-6.2127763106782,5.20565368589132e-10,1.07788087754599e-08,-1.44240675491027,1
"WDR35",-0.891878462371886,0.00953176565354197,2.198138307584,0.33318107974103,0.00286528483146318,-9.13521973757379,0,0,-1.07902812108109,1
"SEMA6A",0.899651196480448,0.00834352005443806,0.373279861670404,0.829742447273874,0,9.84916707943827,0,0,2.03834011398047,1
"DOCK6",0.90747549365105,0.00835039482977997,0.0124027333537726,0.993817822111384,0,9.93073517103764,0,0,1.81468566448916,1
"TRMT9B",-0.758778455743083,0.00826374195028668,1.83573087653519,0.399370613122451,0,-8.34692704735851,0,0,-2.12841279476378,1
"JCAD",1.02652524283482,0.0580831084478625,11.5666932582644,0.00307839590068423,0.139366267846853,4.25936353094777,2.05009818303736e-05,0.000119969013304439,2.41555556015775,1
"DPP10",-0.511225061950095,0.00813329693687855,0.330714471142387,0.847590860392716,0,-5.66863928409944,1.43936034202596e-08,2.01551928008765e-07,-1.67057874692343,1
"DHCR24",-0.657095027941988,0.0200037787918157,4.16233935889396,0.124784169325391,0.0307047198133199,-4.64592462259835,3.38556614765118e-06,2.50260637597927e-05,-1.08691487499308,1
"CXCL16",0.63160966162083,0.00818813722095653,0.304214025394937,0.858896363006378,0,6.98001263264032,2.95163893326844e-12,1.13226422974353e-10,1.44827185468181,1
"ZNF462",0.481394365938402,0.00812365564311195,0.565428798851318,0.753735024278267,0,5.34103286503847,9.24184979655962e-08,1.03709349102733e-06,1.12903736412032,1
"RXFP1",0.490156532493981,0.0081248189913801,0.0597328307003434,0.970575178834402,0,5.43785906771576,5.39246003405935e-08,6.39592269458773e-07,1.50651109755515,1
"DLG3",1.05411129608025,0.0520461850536294,10.3272791131245,0.0057208404271363,0.121599123633725,4.62053236415345,3.82756627903547e-06,2.78693474772727e-05,1.3500601560351,1
"SMOC1",0.7849020368617,0.0702992773774809,14.2980332507484,0.000785636276349465,0.176067749511115,2.96032931400199,0.00307310356251844,0.00924244500509466,1.03439879521415,1
"TPSB2",0.495388625879418,0.00813352146905796,1.46270839834563,0.481256831010758,0,5.49296361486932,3.95244246220727e-08,4.8661109604388e-07,1.37604765741327,1
"CLEC7A",0.58830986724779,0.00817330759456593,1.62389080440728,0.443993479617624,0,6.50739562176345,7.64648344642183e-11,1.9589242389893e-09,1.31048316006808,1
"TTTY15",0.478023368496516,0.00812365178062199,0.670333708766821,0.715218739014322,0,5.30363317273105,1.13520318922866e-07,1.24889485957632e-06,1.97634565392589,1
"DNASE1L3",0.612238129559933,0.0119112596946137,2.65133472253639,0.265625631666367,0.00921830558921563,5.60972441890079,2.02649053093751e-08,2.72510631637233e-07,1.11813343654079,1
"DNTT",1.28901771572274,0.0686178954820912,13.3360745068585,0.00127089074107861,0.169379614354971,4.92085070573565,8.6168843860257e-07,7.4105205719821e-06,4.7153073968439,1
"DOCK1",0.659069325135376,0.0114661625310053,2.5647838741241,0.277373047471972,0.00802397879865372,6.15491489296265,7.5117823072901e-10,1.49998973552559e-08,2.13040996388206,1
"CAMKV",-0.51104090646341,0.00813378020368754,0.246816827031943,0.883902591067607,0,-5.66642896240349,1.45804237572378e-08,2.03972012580859e-07,-1.08193861725379,1
"POGLUT2",-0.528561420398233,0.00814330912479413,1.69073367419289,0.429399809535813,0,-5.85726671347648,4.70547112385589e-09,7.5624754765653e-08,-1.08560336237249,1
"MMP28",0.617304874677457,0.00817945959208729,0.348868026582958,0.839932276766939,0,6.8255460466248,8.75921557508264e-12,2.90849852933894e-10,1.28952862474097,1
"IRX3",-0.819661482450598,0.00829299342099886,0.167510106225765,0.919656495503943,0,-9.00075347410338,0,0,-2.68999053485382,1
"BCL2L14",1.25147182480101,0.0251759031996735,4.93220022056252,0.0849153746920125,0.0437227832349239,7.88730338846287,3.10862446895044e-15,2.50355905435859e-13,2.12990124540276,1
"DSG2",0.58890984698822,0.00816833338802913,1.77829954460082,0.411005052119289,0,6.51601519774315,7.21995796482133e-11,1.85945807867846e-09,1.96325423592066,1
"MICALL2",-0.816747721725577,0.00828907885053734,0.737967694405272,0.691436578995057,0,-8.97087481372543,0,0,-1.1326101309648,1
"EFCC1",0.678190887213923,0.00821064186844328,0.241436080650434,0.886283820663687,0,7.48451038221288,7.17204073907851e-14,4.03655744608291e-12,1.60343454478458,1
"BAALC",1.01686875537873,0.0110051217277941,2.43001357721964,0.296708000052365,0.0062804857830203,9.69320679203389,0,0,2.90882825860679,1
"CPED1",0.589167018195397,0.0260547540842891,5.37094976258803,0.0681888047185737,0.0476675848401348,3.65001742396712,0.000262222520756694,0.00110187883686086,1.35258545417225,1
"WWC2",-0.697911783815717,0.00822230421128944,1.43650216981577,0.48760428917624,0,-7.69668585168599,1.3988810110277e-14,9.85096062693273e-13,-1.32628640837662,1
"MYCT1",0.676998898900344,0.00821156912955575,0.364461004765831,0.833409215463848,0,7.47093375712584,7.97140131680862e-14,4.41821737624028e-12,1.90826757103818,1
"RUBCNL",0.683774347195086,0.0665367767109191,13.612236627346,0.00110698152607615,0.165214834715961,2.65083029003582,0.0080294175995046,0.0208005723028218,1.05656574809242,1
"EBF1",0.590567354697569,0.0242696247802992,5.01689809445224,0.0813943802360483,0.0426753805258642,3.79086139315352,0.000150125720266292,0.000684725476946727,1.06751144887924,1
"SLC35G2",0.660042976361387,0.0128755785791884,2.81897653718221,0.244268250911934,0.0116309918887906,5.81686302473005,5.99622373975706e-09,9.23963567171655e-08,1.2944019279465,1
"SLC2A10",-0.522842288933085,0.00814377820232428,1.28385063295269,0.526278195919544,0,-5.79372314889752,6.88429091511011e-09,1.04642657632492e-07,-1.05608641464446,1
"C1orf21",0.920617645949283,0.0669962904462589,13.4819257828775,0.00118150894386897,0.165918305871787,3.55675472104058,0.000375464414845039,0.00150567944297005,1.36717445101861,1
"EFNA1",0.573664711770451,0.0081601828583967,0.0885235173918247,0.956703499234331,0,6.35050394646713,2.14610773596746e-10,4.87286798554481e-09,1.10589233425878,1
"NUAK2",0.7931028172186,0.00827468688941472,0.468174282467705,0.791292858655076,0,8.71873962055983,0,0,1.34679542096255,1
"ADAMTS10",0.993212026586618,0.0084116809405256,0.223038533904752,0.894474157446252,0,10.8293047142986,0,0,1.53839892470313,1
"SLCO5A1",1.10328010965363,0.00948839447167595,2.16063193538472,0.339488241380439,0.00236692352416613,11.3263355235736,0,0,2.74195677766435,1
"EFNB1",0.927535106031128,0.00836340981488891,0.908992837362008,0.634767544552412,0,10.142351718518,0,0,1.01786427587952,1
"VANGL1",-0.738291626971146,0.00824501158026456,0.897785296036839,0.638334621502203,0,-8.13078183243515,4.44089209850063e-16,4.09714456454706e-14,-1.00478437202907,1
"CALN1",0.809733780418492,0.00828722042447014,0.239872315902043,0.886977061342615,0,8.89483328004704,0,0,2.19208133113061,1
"AGT",-0.521388769039807,0.00813867565803625,0.206260078081972,0.902009669382259,0,-5.77942725050194,7.49553574763695e-09,1.1346046167529e-07,-1.17315720810937,1
"ROPN1L",-0.824290966885157,0.00829461057701279,1.27658346938942,0.528193949199625,0,-9.05070771608136,0,0,-1.07679277608755,1
"TTTY14",0.410562757880781,0.0110490917919827,2.51739815706372,0.284023278244053,0.00723745130637326,3.90585630057194,9.38922989077717e-05,0.00045470699042478,1.24945663162893,1
"SNX25",0.857622448131734,0.0777934535543691,15.7604035639316,0.000378156743872432,0.19804408910665,3.07485481177338,0.00210605049347934,0.00670010869564564,1.2463831720066,1
"USP44",-0.482799246788836,0.00812468441719157,0.432703060525137,0.805452111309194,0,-5.35628076117947,8.49524686152847e-08,9.61453520966619e-07,-1.13345708029046,1
"ZMYND15",0.643353098626517,0.00819785421556539,1.12432019168266,0.569976529201201,0,7.10557620670507,1.19815268817547e-12,5.16729933003959e-11,1.30016227540901,1
"SLC37A3",0.79160666830333,0.0222436906853448,4.56256215535147,0.102153256598279,0.0366716521509791,5.30769575263639,1.11019749615693e-07,1.22415649784263e-06,1.01771959991493,1
"PRXL2A",0.803581005541299,0.0110575251159155,2.47347252111005,0.290330235563662,0.00678878633305066,7.64188847623712,2.1316282072803e-14,1.40600653291968e-12,1.64095562922722,1
"ACTRT3",-0.939315811728217,0.00837327733920504,1.85108704670378,0.396315953549544,0,-10.2651167913542,0,0,-1.04412936907845,1
"HOPX",0.805285916384226,0.00830287532880982,2.00304938451068,0.367318965621532,4.3736435228031e-05,8.83763061296652,0,0,1.66960199122512,1
"MAP1LC3A",-0.592546893176307,0.0175225830236327,3.70027869533947,0.157215257207433,0.0240374781340922,-4.47634614599846,7.59313412257434e-06,5.04030583355037e-05,-1.04177726609965,1
"NTNG2",-0.696891843299336,0.0150467647681874,3.21199211890028,0.200689556592272,0.0172583957764804,-5.68124888886014,1.33714725958356e-08,1.89606961118186e-07,-1.21245156960772,1
"AGXT",-0.407851124162353,0.00809689902490707,0.544834191648404,0.761536561119158,0,-4.53254685244442,5.8276744612229e-06,3.99764755864688e-05,-1.04210831725178,1
"GPT2",-0.777926607886111,0.00826550066610986,0.645079519653679,0.724307132908217,0,-8.55665542865565,0,0,-1.13576436645453,1
"ZNF503",-0.507700259951076,0.00813254615003345,0.555654360764058,0.75742770857132,0,-5.62981491831276,1.80403101346371e-08,2.4622996332641e-07,-1.04768492573345,1
"CORO6",0.823879050545803,0.00829370942494739,0.603236134276255,0.739620496324036,0,9.04667632097499,0,0,1.07119341704605,1
"SHANK3",0.577300271148762,0.00816139165535339,0.667694606302366,0.716163129731635,0,6.39027652462988,1.65585989364558e-10,3.88062213338773e-09,1.38068759376989,1
"NKD2",0.413572723827913,0.00810238317909001,1.1631250213664,0.559024202509328,0,4.59457662934318,4.3362875887798e-06,3.1061456600316e-05,1.12593657136037,1
"EPHB1",0.923634299863399,0.0809175526833538,16.3199344258381,0.000285871767544544,0.207029370562522,3.24697304100761,0.00116639437615174,0.0040128701489648,1.25065112901952,1
"EPHB2",0.46818181855854,0.00812344462821711,1.55246409569915,0.460136521413527,0,5.19450814958393,2.05261782459942e-07,2.10119452452147e-06,1.14984926955463,1
"LMLN",-1.16082044949727,0.00855397337992032,0.132158695299354,0.936056587454632,0,-12.5510801518811,0,0,-1.16864977872894,1
"SIGLEC12",-0.668668905246359,0.00821085560604915,1.24034397309839,0.537851926342769,0,-7.37932980096477,1.58983937126322e-13,8.36645794761878e-12,-1.70991879184624,1
"SEC16B",-0.691231267918159,0.0362067355408226,7.37719866946709,0.0250070039654372,0.0764780843202265,-3.63269294379844,0.000280478706824683,0.00116873755385355,-1.10096668762586,1
"TRIM15",-0.513650423960368,0.00813394273406671,0.270244529717663,0.873609093465624,0,-5.69530642821652,1.2315053643519e-08,1.75824228170007e-07,-1.01608956670685,1
"EPS8",0.496076840013899,0.00812816229978978,0.114882943945843,0.944177149595079,0,5.5024077287355,3.74639310685154e-08,4.65171825541524e-07,1.02729120063609,1
"L3MBTL4",1.23285305934531,0.0496906718749935,9.68414361262334,0.007890689125435,0.114129752239148,5.53062080128527,3.19099457968264e-08,4.03077365580882e-07,2.84645786667566,1
"PLXNA4",0.75152231678078,0.06054014907309,12.3195553447486,0.00211272293619527,0.147379584858306,3.05435940300694,0.00225541704082288,0.00709172006127592,1.04493665259656,1
"ZNF804A",-1.00517122746027,0.015392529294281,3.20811934759397,0.201078545465086,0.0176183305396791,-8.10186596822006,4.44089209850063e-16,4.09714456454706e-14,-2.03197859525807,1
"DUSP27",0.664504208523912,0.00820226198523661,0.248330865247597,0.883233713125345,0,7.33720946139399,2.18047802036381e-13,1.09982104162087e-11,1.87586406439942,1
"SPSB4",-0.510968255272601,0.0135994124428894,2.97618644555297,0.225802800951234,0.0137203818184939,-4.38161129140366,1.17804843113856e-05,7.39153366759106e-05,-1.01350362228449,1
"FANK1",-0.932268125701145,0.0102283382962855,2.31105641205021,0.314891165557208,0.00450728873291325,-9.21803375497543,0,0,-1.33107314819006,1
"ESR1",0.907581277083259,0.00835132071641095,1.79070497200924,0.408463595561972,0,9.931342210756,0,0,1.57672573502727,1
"EGFEM1P",1.24018368498599,0.032949362887621,6.41830990274298,0.0403907309862615,0.0657402335341102,6.83223039388469,8.36042346463728e-12,2.78241764484058e-10,2.74259989647354,1
"EPSTI1",0.695819501864777,0.0082207931477213,1.44308171427779,0.486002817808344,0,7.67431703316425,1.66533453693773e-14,1.13969866408175e-12,1.1788881009043,1
"EYA1",0.599072739933487,0.0130435835877649,2.85831812478488,0.239510250756788,0.0121443494494429,5.24542999297102,1.55918256528054e-07,1.63865928291957e-06,1.14372067883373,1
"GBP4",0.983267975690313,0.0118150827549959,2.57718501419842,0.275658497551416,0.00839170736571094,9.04593600056774,0,0,1.50199091293589,1
"F2RL1",0.87080985654875,0.018358997252402,3.79542653991735,0.149911033632899,0.0258533685875176,6.42686026867327,1.30266464282158e-10,3.15955782003498e-09,1.8202434018889,1
"PHACTR3",-0.452061850933667,0.00811214126261785,0.14560604606168,0.929783958015226,0,-5.01914920851375,5.19008267918508e-07,4.74628828196242e-06,-1.36622833574541,1
"CYYR1",0.363068097707855,0.0164702011935425,3.53612564728418,0.170663273671044,0.0214844379080281,2.82903706555993,0.00466882913385747,0.0132086378011545,1.11332009132892,1
"PPP1R27",-0.526368417642568,0.00813957490979431,0.485065800130095,0.784637932515048,0,-5.83430274730919,5.40159672546281e-09,8.44839865526517e-08,-1.30676307004119,1
"SLC18B1",0.857649001220653,0.0195799475847118,4.02957729253488,0.133348584108775,0.0291993622446508,6.1292004353557,8.832179432261e-10,1.73747205916422e-08,1.17685800505304,1
"AGAP1",0.634880445038724,0.00819134916022616,0.876133971591898,0.645282556643871,0,7.0147828479216,2.30304664228242e-12,9.16430764154353e-11,1.04124321824625,1
"ZNF488",-0.600969317832661,0.00817286419459993,0.195821284946871,0.906729923277221,0,-6.64760427830282,2.9790170330557e-11,8.63322689678984e-10,-1.07267732340209,1
"IQCK",-0.879763506010456,0.00833306871631168,1.48788741980909,0.47523602201429,0,-9.63747936591506,0,0,-1.03456054570254,1
"TMIGD2",0.637244665551352,0.00819158632401623,0.380192118625607,0.826879700632455,0,7.0408031533959,1.91135995919467e-12,7.73941503477242e-11,1.37921274133096,1
"FCN1",0.405177394087024,0.00809678254017442,0.691271067164617,0.707770398645342,0,4.50286544217965,6.70433344529542e-06,4.53499158385482e-05,1.01017467175219,1
"XIRP2",0.862414026133026,0.0242750928695039,4.92996506089882,0.0850103274509437,0.0421716422743637,5.53522604566649,3.10827217298026e-08,3.94336670718306e-07,1.98525782892088,1
"GPC4",-0.500369180177779,0.00813042381827225,0.21110819267009,0.89982579425248,0,-5.54924576679097,2.86904626722873e-08,3.69779729773591e-07,-1.55137649022958,1
"KCNH8",0.87184698190472,0.0411842620518516,8.28215356575208,0.0159057152783271,0.0904766564780137,4.29610239712259,1.7382731301252e-05,0.00010423203380434,1.392593482777,1
"COL6A6",-0.60934609257878,0.00820961071718894,2.00422868644779,0.367102439481382,5.96054539182173e-05,-6.7251619702343,1.75397474322381e-11,5.41688343897742e-10,-1.34909456317107,1
"SPATA18",-0.519185288067261,0.00813690267740833,0.198402378515579,0.905560500650071,0,-5.75562932627881,8.63196070177707e-09,1.27874076371752e-07,-1.02061445758456,1
"CD109",0.737843198692137,0.0176789148708507,3.6982192497209,0.157377228722317,0.0242373425852837,5.54927536859328,2.86856056685991e-08,3.69779729773591e-07,1.54966160308426,1
"FGFR3",-0.646018220226894,0.00819520144465467,0.277587666579205,0.870407459003841,0,-7.13616610410653,9.59676782485985e-13,4.2780454000912e-11,-1.12474324330166,1
"FGFR2",0.636025923411932,0.00818961048771679,0.534696755139227,0.765406374599919,0,7.02818514917322,2.09232631220857e-12,8.40215995952185e-11,1.13741183754323,1
"DIPK1B",0.679123052991809,0.00821024457116154,0.619778809276506,0.733528076541418,0,7.49497909395429,6.63913368725844e-14,3.8079343599908e-12,1.46227822609908,1
"FHL1",0.852733395879261,0.0227167753457836,4.62968604155604,0.0987816894578393,0.0378483300395566,5.65770019440447,1.53414818626629e-08,2.1359386925696e-07,1.37488231811815,1
"S100A16",0.973447555282902,0.00840567624141761,1.25609811180369,0.533631872068155,0,10.6175968107953,0,0,3.17892344413267,1
"MACROD2",0.576237356155624,0.0305143827491972,6.27127686811911,0.0434719909681969,0.0603674873777647,3.29874780680655,0.000971171187319264,0.00342944825522115,1.09069486589298,1
"ADAMTS14",-0.489076823343809,0.00812773206716028,1.99149645552761,0.369446910665986,0,-5.4249081995405,5.79843331127705e-08,6.8440293423875e-07,-1.02097427642682,1
"FOXC1",-0.409914506724754,0.00810015481143927,0.606103662501669,0.738560814847551,0,-4.55456210589567,5.2494814373194e-06,3.65084403205176e-05,-1.41824541749209,1
"ABHD12B",0.625412376888972,0.0343195365559619,7.02302060229067,0.0298517951732246,0.0711682668588973,3.37594812310286,0.000735617881857387,0.00269627907061482,1.4861548963168,1
"NRG4",-0.78861115917396,0.00827900845589327,1.2809383401267,0.527045092247931,0,-8.66709895649245,0,0,-2.00763524583574,1
"OTOA",0.634489718188338,0.0131381958322512,2.8703193846221,0.238077341857915,0.0123436526165955,5.53549832026312,3.10344707710186e-08,3.94067491663013e-07,1.11981937110999,1
"FOXO1",0.97259068347831,0.0108208079744186,2.4061630199496,0.300267507501594,0.00590574605788978,9.34975562926268,0,0,1.34877183563875,1
"MGAT5B",0.688726789568257,0.0179389964165433,3.75930567476602,0.152643088533613,0.025021751011052,5.14218745620214,2.71557959674595e-07,2.67828171730486e-06,1.18565030877839,1
"APCDD1",0.565441699098015,0.037523060414416,7.70620394519378,0.0212138295526007,0.0805512562979248,2.91903099555672,0.00351121309414881,0.010331641758863,1.30239471451193,1
"ZNF418",0.569527579647538,0.00815738214454785,0.535769065945372,0.764996107829831,0,6.30578785702534,2.86731527410211e-10,6.31372428256593e-09,1.02449985220584,1
"FLNB",0.887123770008845,0.0408717031925624,8.21197996817097,0.0164737020601508,0.0895206364540865,4.38806293923007,1.14364683252433e-05,7.20749670458586e-05,1.12156385441841,1
"FLNC",-0.550517091896453,0.00814908877097651,0.0689321869666854,0.966121096932212,0,-6.0984052785813,1.07131858939624e-09,2.05752451615666e-08,-1.21664754110545,1
"GCSAML",-0.456331250614647,0.00811481253248933,1.43792604181144,0.487257269672572,0,-5.0657174863724,4.06864953950148e-07,3.83225259716532e-06,-1.14008115445114,1
"CCDC24",-0.89115859604714,0.0355071164390219,7.1355206815769,0.0282189838660164,0.0740265348291865,-4.7293047302879,2.25290020461344e-06,1.74498014254251e-05,-1.04175124212609,1
"FN1",0.330968380703429,0.00807544376004747,0.363740432735618,0.833709535246301,0,3.68301346537708,0.00023049297925315,0.00098704352484523,1.05473568185497,1
"FGD5",0.55017869555582,0.0128157012222968,2.82733872006424,0.243249075137018,0.0116395218880865,4.85995874106461,1.17410219324654e-06,9.66942806268634e-06,1.75197885261421,1
"ZNF595",0.451653304037786,0.00811332114436541,1.31644940342855,0.517769714738031,0,5.01424855790504,5.32411253972853e-07,4.85059928072643e-06,1.12035066177368,1
"PLEKHG4B",0.399797326401784,0.00809500108696421,0.174668859473243,0.916370582809851,0,4.44356389938681,8.84808615975174e-06,5.75797106922773e-05,1.10790015773375,1
"AMZ1",0.867415276170499,0.056092082883747,11.310311683144,0.0034994276879984,0.133998553724936,3.66248861004257,0.000249776861812157,0.00105750720727151,1.342820506288,1
"LCN6",0.542087002033744,0.00895737179578424,2.13733837086102,0.34346530203154,0.00193759499623533,5.7276793038039,1.01813801833828e-08,1.48265713219951e-07,1.2686432612388,1
"KIAA1958",-0.952732506537321,0.0323523502606731,6.47761315831289,0.0392106620084646,0.064847006533418,-5.29685476802042,1.17814323408183e-07,1.28450216329176e-06,-1.13454059900834,1
"NKX2-3",-0.609444913758596,0.00817813936532492,0.476499241011124,0.788005964094102,0,-6.73918228123949,1.59281476896922e-11,4.96120959129579e-10,-2.44892483298386,1
"DNAAF4",-0.841388447206035,0.00830554319332834,1.21261398989602,0.545361176331663,0,-9.23235560604823,0,0,-1.12634493671864,1
"SPRED1",0.675470670747608,0.0145437686853498,3.12386839193184,0.209730019677753,0.0159671107685113,5.6010315266531,2.13079973665486e-08,2.84438349461703e-07,1.41853475544104,1
"ZNF114",-0.716461290463622,0.0155135358853622,3.29638780110319,0.192397083276384,0.0184701056306192,-5.75224444878473,8.80663320046438e-09,1.29816888601127e-07,-1.03345967640943,1
"IFNLR1",0.774119249295356,0.102677257780922,20.9866724199593,2.77205592195769e-05,0.272063234556259,2.41585428678851,0.0156983421449843,0.0367252019655652,1.05154625809577,1
"FAM171B",1.2200566968909,0.019582897561713,3.90503170074524,0.141916581195227,0.0283546701580082,8.71849528566441,0,0,2.58243447163004,1
"GIMAP7",0.520870576768164,0.00813871275010201,1.0480220998365,0.592140672465308,0,5.7736700986457,7.75632291727391e-09,1.16801569385436e-07,1.09867035104786,1
"CLEC4C",0.801440234807356,0.0719889367007621,14.6334082329438,0.000664348221175412,0.181006984929595,2.9870209052742,0.00281710457941942,0.00856768901610616,1.70994216401302,1
"TCTEX1D1",0.546138435486252,0.00963477803085721,2.25411119436413,0.323985798097774,0.0035847966237941,5.56393291524857,2.63761377183869e-08,3.44829560108453e-07,1.06741273507612,1
"CREG2",1.10876155199912,0.0494211934032062,9.74920878448096,0.00763811531892352,0.113746325371562,4.98748432219716,6.11705819109076e-07,5.47717182134705e-06,1.86464860101839,1
"FAM171A1",0.977082706566859,0.00840109816476969,0.128799458823156,0.937630126273135,0,10.6601495419595,0,0,2.60840535772363,1
"AOC1",-0.681867841124604,0.00821155241987035,0.19239911574703,0.908282743009329,0,-7.52467199505125,5.28466159721575e-14,3.14426580010669e-12,-1.49314142844508,1
"BEND6",-0.691604490343593,0.00822625463145015,1.95300955424103,0.3766251899739,0,-7.62529640929019,2.44249065417534e-14,1.56158711692605e-12,-1.68564594898501,1
"PXDC1",0.633789078177894,0.00818703156658707,0.513395089475635,0.773602158428421,0,7.00457062418526,2.47735165714857e-12,9.68159654323184e-11,1.10566352940207,1
"HOXA11-AS",-0.574913625430005,0.00816000856126331,0.00904999482609943,0.99548522496319,0,-6.36439746857729,1.96057836632235e-10,4.50068517257967e-09,-1.69833226833889,1
"THSD7A",0.66875991453985,0.0377831770001716,7.70789955369446,0.0211958519995398,0.0810882223461988,3.44049552426234,0.000580650040427955,0.00219619502836489,2.18472165885429,1
"MAPK15",-0.604947193304692,0.00817495208911414,0.787604079740083,0.674487564671293,0,-6.69075085242099,2.22029061802687e-11,6.67496739668313e-10,-1.19458872020156,1
"TTTY10",0.749161404328534,0.00824849648462506,0.0197849129987816,0.990156312899535,0,8.24874728175484,2.22044604925031e-16,2.1869893283731e-14,1.61438257387079,1
"NR5A2",0.857350874004196,0.00832124189554873,1.6485489523924,0.438553057751658,0,9.39862931946581,0,0,1.91494371235947,1
"SLC41A1",0.718104294403789,0.017915765685014,3.75005713248516,0.153350586132316,0.0249228082776146,5.36500136749551,8.09486060404652e-08,9.23308161386432e-07,1.04651845908782,1
"NAALADL2",-0.757573714635946,0.00825942333846196,0.971864693193173,0.615123421098812,0,-8.33585275021575,0,0,-1.47285101568909,1
"MPV17L",-0.569741541944152,0.00815739617336675,0.456486597393415,0.795930587401699,0,-6.30815141521283,2.82387890848668e-10,6.24731906874077e-09,-1.28152236537339,1
"COL6A5",-0.691006441194804,0.00822076882758296,0.745879630571715,0.688706681211401,0,-7.62124420429677,2.50910403565285e-14,1.59717072173413e-12,-1.69493646456709,1
"MAMDC2",-0.552275048277211,0.00815044156970151,0.682916232383111,0.710733235211143,0,-6.11737146753281,9.51314360619904e-10,1.85333510025236e-08,-1.67214984840502,1
"FUT6",-0.679906620311542,0.00821241867025147,0.380064730685777,0.826932369560559,0,-7.50263345226409,6.26165785888588e-14,3.63650145852508e-12,-1.18481584342566,1
"DPY19L2",-0.617237651903792,0.0101795620066762,2.34240760149631,0.309993546101168,0.0048506241582339,-6.11769560729696,9.49381906423241e-10,1.85262919008455e-08,-1.32179309479355,1
"CLEC9A",0.905658702437329,0.00834961670220749,0.104895525462216,0.948903887908717,0,9.91131536399339,0,0,2.19338156261397,1
"KCTD1",-1.03448726440016,0.00844549962642146,1.0927441324814,0.579046747549589,0,-11.256735845429,0,0,-1.45554860000034,1
"RUFY4",0.560548261657774,0.00816014230403349,1.39577742050385,0.497634846807189,0,6.20531944961789,5.45859135669957e-10,1.12228330333723e-08,1.04900390359207,1
"GAS6",0.766144863327386,0.008259668540558,1.53947716475171,0.463134123909838,0,8.43003901192043,0,0,1.54543957351058,1
"BCORP1",0.451693943434585,0.0081131934899009,0.374282577194354,0.829326553721935,0,5.01473918685478,5.31054523245089e-07,4.8412644060936e-06,1.24594249089319,1
"PPM1J",0.939872730028282,0.0289902305730053,5.81626346165434,0.0545776003270589,0.0552746612939277,5.52005257555438,3.38898249463426e-08,4.25505579881857e-07,1.47695470971316,1
"ST8SIA6",-0.542744995133538,0.00814690840797178,0.586567693698659,0.745810414713353,0,-6.01311362534248,1.8199337592506e-09,3.29146084473896e-08,-1.16779761438141,1
"GGTA1P",1.03908102890933,0.00844788140863566,1.08472749118849,0.581372410470607,0,11.3051287161522,0,0,2.50516462154743,1
"NAT8L",-0.707305265785096,0.0161141578767631,3.41903477692063,0.18095310160224,0.0201613049011238,-5.57189705890379,2.51980303289656e-08,3.31209817948902e-07,-1.19636896255332,1
"RTL5",0.786998810819134,0.00827448845329212,0.430277144404086,0.806429683697272,0,8.6517407838596,0,0,1.21039171432015,1
"GJA1",0.475182015468833,0.0308523567356353,6.3706019485646,0.0413657938870845,0.0614707616098774,2.70530243293694,0.00682422282144945,0.0181502032330779,1.38532306004886,1
"GJA3",-0.579542862693869,0.00816403792742306,0.386220617615909,0.824391031531339,0,-6.41406054156808,1.41693989874625e-10,3.39716001710922e-09,-1.31064216763065,1
"CD300E",0.326644054086093,0.00807508510921902,0.42768117189615,0.807477097959106,0,3.63497311379028,0.000278009627525666,0.00115886369472166,1.05577562706858,1
"ABO",0.741117920103893,0.0326811420642979,6.64317519671416,0.0360954811146862,0.066241787270967,4.09957373590174,4.139117843871e-05,0.000222964428540278,1.9514426173689,1
"MACC1",-0.56672784497539,0.00859337479264958,2.0733246377713,0.354636371930671,0.00103582347679401,-6.11353882369621,9.74456515479005e-10,1.89143177445239e-08,-1.23878792909159,1
"LANCL3",-1.00727924610463,0.00842874561355739,0.883341321328722,0.642961353055007,0,-10.9715607596282,0,0,-1.69481386880452,1
"GLI3",0.862204866334293,0.0681128318348016,13.7764549444103,0.00101971972158531,0.169391801369595,3.30366499256386,0.000954297956049732,0.00338133235423844,1.49727104641928,1
"RBPMS2",-0.648100379011487,0.00819496503050046,0.118690755533943,0.942381235417553,0,-7.1592696976865,8.11128941791139e-13,3.69494580765295e-11,-1.55561160953006,1
"LILRA5",0.477871384258457,0.00812465137540877,0.891070918145868,0.640481232710587,0,5.30162075361452,1.14779088677963e-07,1.25799607192381e-06,1.15521608060908,1
"GNAI1",1.0241538024524,0.00843798772122701,1.19646937551026,0.549781315637116,0,11.1492521429398,0,0,2.23384403174158,1
"PEAR1",1.06179740996902,0.0166500908949956,3.42377312915613,0.180524899279142,0.0208484996010871,8.22874032124359,2.22044604925031e-16,2.1869893283731e-14,2.26118749372852,1
"ENHO",0.566739036792334,0.00815629673210251,0.0660490062932861,0.967514852140278,0,6.27533072407352,3.48891804335949e-10,7.51225381359694e-09,1.23761742946731,1
"GNG11",1.13944770153437,0.0259205511903977,5.12525066188106,0.0771020560895314,0.0461010065865406,7.0773761873039,1.46904710618401e-12,6.18910394995499e-11,2.8485047504284,1
"SKIDA1",-0.526415780377269,0.0081396108161719,0.203644323491655,0.903190159148466,0,-5.83481484938623,5.38503308611382e-09,8.43153891474556e-08,-1.38684430996336,1
"RGS9BP",-0.900321915612908,0.00834527499664276,0.278749583879743,0.86990193511973,0,-9.85547352710304,0,0,-1.34446051424618,1
"C1orf53",-0.872833781515764,0.00832561130534569,0.647319221487033,0.723496470896491,0,-9.56584811379785,0,0,-1.2004295352662,1
"GPR12",-0.482576737830706,0.0081244317437087,0.449474155741175,0.798726193946336,0,-5.35389545032047,8.60806093072597e-08,9.72710885172035e-07,-1.30022814672904,1
"BEND4",0.595355488988896,0.00817535718587144,1.47356656882719,0.478651126349104,0,6.58450290915403,4.56410464977353e-11,1.24589800523874e-09,1.59952644864015,1
"LPAR4",-0.755155564242382,0.00825330435119802,0.084019433600913,0.958860463471429,0,-8.31232464233292,0,0,-1.3710654483226,1
"AKR1C6P",0.963252224827188,0.00839083435742699,0.61979614589513,0.73352171812072,0,10.5156820615341,0,0,1.80751859360624,1
"GPER1",0.631711365565975,0.0081922944520348,1.19657565694804,0.54975210063903,0,6.9793650426253,2.96518365416887e-12,1.13447459650445e-10,1.41694630913553,1
"GRK5",1.01636404542639,0.00843039239980535,0.0150528002323155,0.992501852309078,0,11.0694335703495,0,0,1.29054186468534,1
"GPX3",0.539189966175314,0.00814447113702206,0.00639025079424425,0.996809973583956,0,5.97462095155285,2.30625785135885e-09,4.05040008424795e-08,1.01983815650916,1
"GRID1",-0.777992711755433,0.011362673901093,2.53272242844104,0.281855369359606,0.00760461352508909,-7.29852763965261,2.90878432451791e-13,1.43247801008438e-11,-1.2412693070475,1
"MIR1915HG",-0.514059861864205,0.00813578276287876,1.10084162187099,0.576707074667549,0,-5.69920164712291,1.20369780809426e-08,1.72530019160178e-07,-1.52236927680424,1
"PRSS57",-0.603852311782218,0.0137868522208856,2.99513633391872,0.223673435754291,0.014076950890908,-5.14278268524081,2.70698684357029e-07,2.67161457134219e-06,-1.16407561551593,1
"GBP1P1",0.650554078487678,0.00820020964402815,1.24347810254165,0.537009737618002,0,7.18407613346384,6.7656991120657e-13,3.0926634294245e-11,1.03343767246833,1
"H1-0",0.84871715599854,0.0198871213188018,4.08925189445395,0.129428594048481,0.0300495449973809,6.01834416336262,1.76210246394248e-09,3.19877554382186e-08,1.73590607910886,1
"SLC22A20P",-1.09946256361444,0.00850005825046696,0.131728693110681,0.936257862281675,0,-11.9253050020032,0,0,-1.59651141602655,1
"CT45A5",-0.486583052929601,0.00812348957982917,0.0226963401917658,0.988715977504455,0,-5.39865612145075,6.71419262410211e-08,7.78622003830839e-07,-1.17228586710534,1
"HLA-DMA",0.900717284206653,0.00834458970716848,0.244651250903289,0.884860188587265,0,9.8602063270917,0,0,1.20528721616132,1
"HLA-DMB",0.835725962610113,0.00830086361588746,0.274231479062247,0.871869310547057,0,9.17280698064645,0,0,1.4188021470987,1
"HLA-DOA",1.04750668330832,0.00898735676860639,2.08652969670442,0.352302587752611,0.00126827969285487,11.049453828291,0,0,2.01260078147061,1
"HLA-DPA1",0.838898316915716,0.00830295963260977,0.487420844758771,0.7837145476007,0,9.20646401179546,0,0,1.59094780368438,1
"HLA-DPB1",0.873600103279086,0.0083259999833752,0.0768823638590356,0.962288303016531,0,9.57402316301532,0,0,1.56836632828064,1
"CT45A1",-0.5129529119002,0.00813363226561086,0.0384445090541817,0.980961314919559,0,-5.68768103065625,1.28776060925873e-08,1.83138403913799e-07,-1.21256767968745,1
"HLA-DPB2",0.641998380492783,0.00819115684948308,0.217629868504515,0.896896386940629,0,7.09351206004105,1.30739863379858e-12,5.58884160846978e-11,1.20215505869024,1
"HLA-DQA1",0.856792723363963,0.00831564262680307,0.443736086865945,0.801021057349907,0,9.39567229721978,0,0,2.02834449017723,1
"HLA-DQA2",0.500314318145021,0.00812947964933681,0.665869065323159,0.716817120728632,0,5.54895953405666,2.8737467738793e-08,3.69802690674314e-07,1.25744726040625,1
"HLA-DQB1",0.708500449903685,0.00822619079151476,0.355993892538368,0.83694497928954,0,7.81161339373124,5.55111512312578e-15,4.25887395525287e-13,1.88852912732635,1
"HLA-DQB2",0.905323669646076,0.00835030268775869,0.318622917756958,0.852730727048678,0,9.9072418742068,0,0,1.66308571055555,1
"HLA-DRA",0.737021112883853,0.0082427798352184,1.53049633513922,0.465218464511714,0,8.11788844399163,4.44089209850063e-16,4.09714456454706e-14,1.176522375079,1
"DPY19L2P1",-0.592342645086808,0.00817202357267739,0.792514143489897,0.672833707167915,0,-6.55251758273553,5.65749669334537e-11,1.50217357557187e-09,-1.01813126539616,1
"HLA-DRB1",0.729188957325218,0.00823772126026116,1.05482719153077,0.590129310495464,0,8.03408712051708,8.88178419700125e-16,7.7526807329154e-14,1.32337778437444,1
"HLA-DRB5",0.637796544077353,0.00819058369517941,1.17779571430166,0.554938569387104,0,7.04733206197716,1.82387438485421e-12,7.4472316268963e-11,1.34496772070296,1
"HLA-DRB6",0.664246206884511,0.00820241651697335,0.722686950987523,0.69673964436972,0,7.33429161360493,2.22932783344731e-13,1.12058316648833e-11,1.32338078368087,1
"AOX1",1.22725182910938,0.10269938301581,20.2354523548746,4.03577877289117e-05,0.27040460378567,3.82956787025982,0.000128368476658647,0.000598409748721808,2.04041186025703,1
"HOXA11",-0.624502003805278,0.00818304748344101,0.00845215880881549,0.995782837902986,0,-6.90361081752657,5.06972241964831e-12,1.81575783074235e-10,-2.09829974799047,1
"HOXB7",-0.399273408371278,0.0080976618078599,1.46895144335611,0.479756919204103,0,-4.43701165687756,9.12163557087453e-06,5.91749362334838e-05,-1.018079943641,1
"HOXB8",-0.556308529334242,0.0081525783071692,0.165840506660663,0.92042454508562,0,-6.16124145882767,7.2176842280669e-10,1.44920362248666e-08,-1.95456941621394,1
"HOXB9",-0.627675978563318,0.00818544475425075,0.119609979645476,0.941948205161214,0,-6.93768165052509,3.98592270300924e-12,1.46724230408499e-10,-2.22369688940121,1
"HTR1F",0.821980217828155,0.00829296954278957,0.662083071790514,0.718175338365422,0,9.02622864553378,0,0,2.30289573091079,1
"IRF8",0.604984341891497,0.0229202857021704,4.74607672742278,0.093197128885806,0.038854876930693,3.99607951227078,6.44001116438808e-05,0.000328237911689808,1.22403179544623,1
"GXYLT2",-0.49182467375085,0.00812877463003751,0.579068998327255,0.748611965978682,0,-5.45503788482469,4.89624054633708e-08,5.86462600196842e-07,-1.15587143131749,1
"MAGED4",0.548926302943492,0.00815047089539358,0.351416253094408,0.838862789387903,0,6.08026756377285,1.19982157542609e-09,2.27435619050534e-08,1.01676294660115,1
"CCDC169",-0.869891547312619,0.00832377277273971,0.169371327149406,0.918801051652182,0,-9.53465542959846,0,0,-1.18562512725248,1
"CCR2",0.458419390460739,0.0204477793057494,4.29326678065386,0.116876975326485,0.0322024197844735,3.2058256898421,0.0013467554333022,0.00455702273705809,1.23500679320992,1
"FAM160A1",0.892948155086002,0.031390810359941,6.31178761033499,0.0426003075960854,0.0622274631317094,5.03993552576073,4.65688705153511e-07,4.3073250349129e-06,1.58925008987475,1
"IGFBP2",-0.764712686475911,0.00825923414729544,0.113642340042619,0.944763006208855,0,-8.41450176612372,0,0,-1.8646354308545,1
"IGLL1",-0.680708348519019,0.00821233120984436,0.387310330908172,0.82394197894455,0,-7.5115203606502,5.83977310952832e-14,3.44641184686617e-12,-2.04019614090966,1
"IL2RA",0.715663091011192,0.00823832607728671,1.77395412414964,0.411899017811321,0,7.88477184587287,3.10862446895044e-15,2.50355905435859e-13,1.46745634931285,1
"CXCR2P1",0.49107855808114,0.00863545058080329,2.08599322222604,0.352397101101543,0.00120851938304532,5.28455558601853,1.26010284207112e-07,1.36053817700465e-06,1.134304876696,1
"IL10RA",0.678170308263723,0.00821015276621022,0.735097523646886,0.692429561857388,0,7.48450619978518,7.17204073907851e-14,4.03655744608291e-12,1.05098156403688,1
"IL12RB2",0.802086382476668,0.0082835416083937,1.23129882461143,0.540289910438213,0,8.81278376306946,0,0,1.87785310430172,1
"IL15",0.863296827530115,0.00832112914363867,1.6763717858168,0.432494403357242,0,9.46387540014276,0,0,1.55024720952611,1
"APP",0.899770967353128,0.00834436951274563,0.453997675294171,0.796921708593872,0,9.84997689944643,0,0,2.45669174025214,1
"ISG20",0.856462312197188,0.00831698973873165,1.44899420642736,0.48456819547899,0,9.39128832521719,0,0,1.01751554570964,1
"ITGA9",0.579859111916689,0.00816489310671566,1.79264304752922,0.408067970632998,0,6.41722452153444,1.38781208747218e-10,3.34382426431108e-09,1.14214520389758,1
"ITPKA",-0.691993877089428,0.00821936126707459,1.82142671356989,0.40223718304081,0,-7.63278829769432,2.28705943072782e-14,1.49499844492016e-12,-1.05808141140134,1
"KCNA3",0.866847164018894,0.0424426997894593,8.54223926885941,0.013966137427912,0.0941307643075351,4.20766380227616,2.5802436079525e-05,0.000147152625481704,1.27556967390766,1
"KCNA5",0.918849294624781,0.0323321296655791,6.48474047586099,0.0390711772743775,0.0648742784717956,5.11007330659487,3.22033834931901e-07,3.10468730939307e-06,1.60373941504679,1
"AR",0.550629004930178,0.00815098354717807,1.53334624576763,0.46455602107668,0,6.098936003414,1.06776809616349e-09,2.05341102081467e-08,1.62419503529132,1
"KRT5",0.673579013352744,0.00820875793571254,1.62649430189616,0.44341588768434,0,7.43446673973563,1.0502709812954e-13,5.71261197550113e-12,1.49172162460037,1
"KRT8",-0.506922063386376,0.0081339270045604,1.8133939845687,0.403855962812329,0,-5.62070844891558,1.90175977188289e-08,2.5787862506732e-07,-1.0759320444067,1
"KRT17",-0.460737503395863,0.00811608288711844,1.40554443312956,0.495210568199227,0,-5.11423085196142,3.15021906782675e-07,3.05218453090664e-06,-1.21609800766927,1
"KRT18",-0.516357486729153,0.00813809425267214,1.99656392219481,0.368512015600985,0,-5.7238615524359,1.04129618261339e-08,1.51034571681149e-07,-1.37402493976398,1
"LAMA3",0.77885330119174,0.0172416793331557,3.60563559954351,0.164833764672356,0.0229880595075265,5.93151841671987,3.00145885923087e-09,5.05222468718341e-08,1.69064449666174,1
"LMX1B",-0.604628161969287,0.00817547617581674,0.297619995848459,0.861732830371856,0,-6.68700800271842,2.27780017070245e-11,6.83199446261926e-10,-1.38639254848707,1
"LRP1",0.407273968312522,0.00809987366877608,1.41115798137987,0.493822572795912,0,4.52530160403539,6.03094349882483e-06,4.12543704281415e-05,1.07337264052755,1
"LRP6",1.06516125665159,0.00847046644322651,1.73127024402434,0.420784218421895,0,11.5734195800975,0,0,2.52170465793733,1
"LSP1",0.693578449674864,0.00821938291555674,1.05943650382293,0.588770831367975,0,7.65025627798851,1.99840144432528e-14,1.33016885177761e-12,1.00779215042508,1
"LTK",-0.795081565366806,0.00827847777315164,1.59228884528306,0.451064730738769,0,-8.73849094504048,0,0,-1.68897187315975,1
"TM4SF1",0.477810762191897,0.00812104347936324,0.0778219258514836,0.961836344427976,0,5.3021255800805,1.14462056055586e-07,1.25641068608606e-06,1.34381528098874,1
"EPCAM",-0.408470436111332,0.00809698738265371,0.0340282996585592,0.983129773418036,0,-4.53940464574249,5.64132843927645e-06,3.88810682583998e-05,-1.02915134890291,1
"SMAD1",0.845905114058649,0.0210610831857047,4.31406859374225,0.115667648777101,0.0332785617073301,5.82882878780563,5.5817734878616e-09,8.71151093496344e-08,1.37195629500061,1
"MAN1A1",0.943482113466658,0.026294558198286,5.29195307142826,0.0709360483209317,0.0476667245311807,5.81836191903884,5.94271210019315e-09,9.19606308752819e-08,1.21604756626051,1
"MAOA",-0.570181790295887,0.00815744368158086,0.0978121287512492,0.952270577628549,0,-6.31300744087601,2.73664424454978e-10,6.09039132103849e-09,-1.1180351035267,1
"MDFI",-0.365535394970224,0.0080844288685023,0.55440299011869,0.757901768262197,0,-4.06541386670943,4.79473000729591e-05,0.000253142989193598,-1.09154592030052,1
"MDK",0.682461219866116,0.00821248548636025,0.155088880898812,0.925385898917604,0,7.53079231183079,5.04041253179821e-14,3.02362524592685e-12,1.01074589356083,1
"MFAP4",0.714875068043357,0.0102314076725183,2.34100364573901,0.310211231109146,0.00485651537668422,7.06744530408017,1.5780710072022e-12,6.53509689545069e-11,1.69423072293477,1
"CIITA",0.733446201270469,0.0082407839570431,1.56481395492722,0.457303965198963,0,8.07949095767541,6.66133814775094e-16,5.95719792513898e-14,1.16738204988666,1
"MLLT3",1.07856051198127,0.00848038200488959,1.05457465600403,0.590203829508174,0,11.7121549135033,0,0,1.80112217549275,1
"MMP2",-0.34548758470195,0.00807887016743975,0.393587516907819,0.821360014404616,0,-3.84376768209461,0.000121159708452501,0.000568440640525299,-1.05401551812728,1
"MMP15",-0.605384084709391,0.00817551936973169,0.857953400924813,0.65117510108303,0,-6.6953505969251,2.15154560834208e-11,6.52039092158055e-10,-1.17452752087661,1
"MMP19",-0.487741446206551,0.00812464864711928,0.711176118725707,0.700761232814279,0,-5.41112251737678,6.26309017981441e-08,7.32133645157616e-07,-1.12132507623069,1
"MN1",0.79550248386997,0.00827602075147289,0.30781411205041,0.857351702983493,0,8.74441487901819,0,0,1.83337461360968,1
"CD200",0.760347300128393,0.0082553493195363,0.898855232860313,0.637993223970171,0,8.36843564643082,0,0,1.8027654968081,1
"MPO",-0.480780289047364,0.0131095114108164,2.88487936971461,0.236350434148307,0.0124458180902283,-4.19907277226821,2.6801018427447e-05,0.000152311284840895,-1.26179631727786,1
"MSR1",0.614760317230288,0.00818470055506881,1.32668805979155,0.515125854813238,0,6.79523418616558,1.0813572259849e-11,3.48737705380131e-10,1.75826481825339,1
"MST1R",1.27142465542527,0.117896297886653,23.1676045083323,9.31576665366783e-06,0.315288265462998,3.70288773391127,0.000213159225308068,0.000922024340449766,1.8158068871358,1
"MX1",0.643273700811881,0.00819365881093871,1.50337213137476,0.471570782753327,0,7.10651796897815,1.19015908239817e-12,5.14805606650388e-11,1.0420891084409,1
"MYCL",0.422343309386148,0.00810378709520048,1.21830103484696,0.543812632272843,0,4.69160680272773,2.71067703883077e-06,2.05906926498364e-05,1.04792660831725,1
"MYLK",0.829269353191933,0.0354485141129303,7.15500517899743,0.0279454023204034,0.0739954203745178,4.40449983323752,1.0602822254846e-05,6.74205123702243e-05,1.49865332501216,1
"NEFH",-0.524513023560202,0.00813818911478533,0.0874552503383054,0.957214643145838,0,-5.81423240436911,6.0912739296981e-09,9.34657895507466e-08,-1.34457154341378,1
"NOS2",0.807769613270269,0.0421772003586172,8.52693817865716,0.0140733957613921,0.0935080487075549,3.93322361015764,8.38142006602816e-05,0.000410951766910503,1.00047096700726,1
"NOVA1",0.691296641148202,0.0398973034090084,8.13181186238906,0.0171474478270319,0.0871695925316645,3.46092888101979,0.000538315004468215,0.00205223486638556,1.23361039829438,1
"NPR3",0.841863591694961,0.0114952686429136,2.54457394889879,0.280190100885345,0.00783100082141837,7.85203388869024,3.99680288865056e-15,3.13233310257308e-13,2.33274712290513,1
"NPTX1",-0.638654429506205,0.00819484954361662,0.95453433720923,0.62047673524339,0,-7.05497430683671,1.72639680329212e-12,7.08892569058851e-11,-1.38678875322401,1
"PCSK6",0.695457487070743,0.0326288382318708,6.65343302933079,0.03591082436225,0.0661858212159368,3.85008024699838,0.000118079131446791,0.000556675129074991,1.34321785294857,1
"PAWR",0.566361681879223,0.00815638064816831,0.0779528334709571,0.961773390635195,0,6.27112012660299,3.58459928406774e-10,7.6955381095516e-09,1.42929058940747,1
"PCDHGC3",0.647407929550514,0.0299046448653709,6.12273274714734,0.0468236728614997,0.05848885500719,3.74376594783382,0.000181282530471449,0.000803941419739068,1.28468990115689,1
"PCDH9",-0.586880389999435,0.0081713335770041,1.33839114091399,0.5121203768934,0,-6.49236799632912,8.44975200919862e-11,2.14212234848849e-09,-1.22765721923005,1
"PDE9A",0.564908953599379,0.00815742659173891,0.295844831187871,0.86249802874357,0,6.25463356400328,3.98450383798377e-10,8.47914050310794e-09,1.09954368606548,1
"PDK4",0.407015704586464,0.0144395235446017,3.146079883568,0.207413697439216,0.0160330925680946,3.3871523807708,0.000706221508595339,0.00260622555209981,1.09718625602459,1
"SERPINF1",0.646834930629946,0.00819494488876762,1.21137854539297,0.5456981621365,0,7.14529964671595,8.97948382316827e-13,4.05244382942179e-11,1.3052925722444,1
"PFKFB2",0.977157637651653,0.0560805426868566,11.2114121646148,0.00367682348748246,0.133645640229705,4.12627840593012,3.68680909905716e-05,0.000201888115089994,1.42775676615181,1
"PGM5",0.780546582923792,0.00826761162476263,0.248888777821431,0.882987363890183,0,8.58437721572997,0,0,1.66662025646036,1
"SERPINB9",0.737459156249667,0.00824259022073712,0.5255628952248,0.768909926049138,0,8.12280668231959,4.44089209850063e-16,4.09714456454706e-14,1.13377024699404,1
"PLAT",0.668367354999657,0.00820756535404473,0.421493289825287,0.809979253252138,0,7.37748023677451,1.61204383175573e-13,8.44569814323408e-12,1.02915132331147,1
"PLCB4",0.456944953088283,0.00811930112982861,1.49710182910513,0.473051548427221,0,5.07112785783599,3.95464959446201e-07,3.73602897851411e-06,1.14328184591575,1
"PLD2",0.720538564047957,0.00823900696205534,1.16787674349512,0.557697615190146,0,7.93815902347467,1.99840144432528e-15,1.66461130593884e-13,1.11347952391462,1
"POMC",-0.466486097574393,0.00811871495902681,1.52308696223963,0.466945149491758,0,-5.1772013798511,2.25239054740811e-07,2.28166066779486e-06,-1.07835744537425,1
"PRKY",0.441607450999191,0.00811176643176256,0.964825937584056,0.617292086752548,0,4.90318944891801,9.42929638592105e-07,8.00529140463431e-06,1.44170130966275,1
"PRPH",-0.72713957584686,0.00824264015217658,1.18583144523107,0.552713374135195,0,-8.00911652658249,1.11022302462516e-15,9.5761662899177e-14,-1.10392104243423,1
"PRRG1",-0.440238031116099,0.00810703423983701,0.0138933501315676,0.993077397308211,0,-4.88941109718108,1.01138085928376e-06,8.50588381177335e-06,-1.08902606058008,1
"LGMN",0.620212873529591,0.00949757059122574,2.22346856743555,0.3289879076624,0.00316711399905554,6.36406360349724,1.96484606362901e-10,4.50339010527046e-09,1.14587697796794,1
"ACP5",0.772468801238988,0.00826263366068066,0.0168815532314844,0.99159474672075,0,8.49809729510518,0,0,1.0522816423243,1
"KIF1A",-0.503752139664833,0.00813084418876083,0.402286821986884,0.817795142329985,0,-5.58661939046018,2.31532393257794e-08,3.07101701230106e-07,-1.05578497417219,1
"PTGER3",-0.431486383362924,0.00810464120592603,0.640695438773595,0.725896584869603,0,-4.79292020131444,1.64371017286058e-06,1.31117728505107e-05,-1.04512591773842,1
"PTGFRN",-0.605403245261823,0.00817533247322946,0.194336718835974,0.907403223393857,0,-6.69563903967048,2.14730455638801e-11,6.52039092158055e-10,-1.33481827586807,1
"PTGIR",0.77394274865379,0.00826418986968346,0.561978497016964,0.755036453204592,0,8.51351081897029,0,0,1.29421695756177,1
"AVPR1B",0.623935203319103,0.00818831512989025,1.19417866744881,0.550411370632135,0,6.89512614158646,5.38169508956798e-12,1.91338949562518e-10,1.00842674530903,1
"PTK2",1.16719517311306,0.0176639619295829,3.57475530718995,0.167398571637435,0.0233075128291818,8.78212112840899,0,0,2.30595533360424,1
"PTPRF",-0.640629370093247,0.00819889923218656,1.72845759767589,0.421376393316651,0,-7.07504279150611,1.49391610193561e-12,6.25770546491822e-11,-1.18076918450815,1
"PTPRG",-0.419824480631277,0.00810086750247586,0.201034461941532,0.904369529113595,0,-4.66446667812189,3.09418463428912e-06,2.31539678716799e-05,-1.06650376228481,1
"PTPRM",0.519452743508601,0.00813710261998802,0.0972442640682637,0.952540996431895,0,5.75852355731439,8.4852826987003e-09,1.26085592149801e-07,1.19532598223863,1
"AZU1",-0.597244854195498,0.0180391234165197,3.79797931256259,0.149719811302705,0.0254284542450089,-4.44677035459242,8.71709394689724e-06,5.68287470768878e-05,-1.43906006848832,1
"PVR",-0.819736201199906,0.0554640970216539,11.2235651958014,0.00365454895653292,0.132281442966603,-3.48071240772762,0.000500082131424717,0.00193206923662287,-1.054630342668,1
"NECTIN1",-0.979878323938004,0.00840497533946427,0.230515724710627,0.891136323765771,0,-10.6881841773268,0,0,-1.31144095207457,1
"RAG2",0.588391458401526,0.00816624243824575,0.556892344323798,0.756959012120459,0,6.51111288625724,7.45961070691692e-11,1.91517242909626e-09,1.05299700424341,1
"REN",-0.529908265424755,0.00814116982590361,0.0351428457115971,0.98258205434245,0,-5.87296329361433,4.28073287928044e-09,6.94880213599899e-08,-1.17178869054329,1
"RNASE3",-0.566697420952176,0.0230406146155421,4.77879039624416,0.0916851184441624,0.0392439877071051,-3.73339727580542,0.000188914262160278,0.000832971324715781,-1.39912901743326,1
"CCND1",0.737548531652668,0.0152964653644899,3.25200913136964,0.196713963816008,0.0178621010241263,5.96341535028065,2.47019449339803e-09,4.28157254818823e-08,1.44122790192414,1
"RPS4Y1",0.434832529014649,0.00811045989553686,1.24990180642136,0.53528770878171,0,4.82835601340485,1.37664818122829e-06,1.11867444757994e-05,2.44079337559005,1
"S100A1",-0.556399112644272,0.00815274285127294,1.16832295602511,0.557573203237286,0,-6.16218250367423,7.17490955537414e-10,1.44260215984398e-08,-1.2122595526645,1
"S100B",-0.51436399559654,0.0134442959202816,2.94312926495444,0.229566017595927,0.0132832537837554,-4.4361020647174,9.16024291419681e-06,5.93845141239113e-05,-1.09961981415525,1
"SALL2",0.805866243105367,0.00828601482080726,1.4253445831815,0.490332134694399,0,8.85299280231895,0,0,1.34273936230282,1
"CLEC11A",-0.871392500224301,0.00832435515914401,0.310771193738333,0.856085010132309,0,-9.55077287292724,0,0,-1.85259231317821,1
"SCN3A",1.09954825641763,0.104910600621425,20.9170073704201,2.87031499975275e-05,0.27750477953821,3.39472506886094,0.000686975486487329,0.00254491920821774,2.48691688754026,1
"SCT",0.76546207476092,0.012962292645841,2.81799775074872,0.244387823393591,0.0117017268879724,6.72330428526454,1.77649006616321e-11,5.46326913385254e-10,1.12334240885293,1
"CCL1",-0.616942731372306,0.00817948225076162,0.325579966321928,0.849769635608256,0,-6.82153237608108,9.00746144338882e-12,2.98413103318816e-10,-1.70045261118957,1
"CCL23",-0.464092521648164,0.00811518336990105,0.147277630597114,0.929007176431708,0,-5.15175737534717,2.58056757962422e-07,2.5645563560411e-06,-1.11289976695404,1
"SECTM1",0.487375851991696,0.00812805841472032,0.821697537836254,0.663087203413577,0,5.4059322591848,6.44721618314748e-08,7.49450321385492e-07,1.00003136475283,1
"BDNF",-0.603904634195406,0.0186102146885985,3.91510636392723,0.141203497843988,0.0270702584023221,-4.42682822878752,9.56288233111557e-06,6.17899537857587e-05,-1.14788003106157,1
"SELENOP",-0.41443217929716,0.0081020557800115,0.740050502250731,0.690716889038388,0,-4.60421775402197,4.14019091565798e-06,2.98179658979972e-05,-1.23810597621722,1
"BIK",-1.0177870976291,0.00843238621032576,0.208038145233826,0.901208108860271,0,-11.0836217540492,0,0,-1.75369808155672,1
"SLC8A1",0.49701014356003,0.0081276812942414,0.0986917772786919,0.951851838015552,0,5.51292291091882,3.52922839841341e-08,4.40924564186574e-07,1.09035035413995,1
"SNRPN",0.590045863285114,0.00816645494278979,0.0121830200554158,0.993927005604371,0,6.52933550113903,6.60620447234805e-11,1.72888047744017e-09,1.01745881544879,1
"SPARC",0.731415763052722,0.0102950326548997,2.34968824240457,0.308867121771353,0.0049901603314388,7.20859209938391,5.6532556413913e-13,2.62444291352105e-11,1.46196148611448,1
"SPIB",0.65271372412881,0.0569307470779779,11.6493276010763,0.00295379705043698,0.137013692039497,2.7355792630762,0.00622705874121632,0.0167857185067005,1.09969747426257,1
"TBX1",-0.962800919118666,0.00839323777678892,0.56225574558484,0.754931794071235,0,-10.5092502288956,0,0,-1.96348307785534,1
"TCF4",1.00219878716538,0.0537591947886732,10.7146716842541,0.00471344676132307,0.126761989358632,4.32242528700928,1.5432335016996e-05,9.38494566302675e-05,1.44117379082941,1
"TFPI",0.486255705645869,0.00926781182167844,2.19507955298301,0.333691029174486,0.00274471541571615,5.0509853254861,4.39536840923793e-07,4.10187485924848e-06,1.02819359180578,1
"KLF9",0.643694301126853,0.0188182327174701,3.93708009418465,0.139660605353661,0.0274889511810012,4.69234836016194,2.70086715725704e-06,2.05268720288508e-05,1.09204372565506,1
"TGFBI",0.603792136192344,0.00817348314478271,0.529854376366873,0.767261813668496,0,6.67857591251017,2.41275888157588e-11,7.14853378388855e-10,1.64223945647886,1
"TIMP3",0.504990924827788,0.00813220849519861,0.223673707921632,0.894190129178693,0,5.59988774406064,2.14490656347266e-08,2.86059496575855e-07,1.21293790973016,1
"TSPAN7",0.708716353741504,0.0174705354679623,3.66617034331152,0.159919427029133,0.0237251229761407,5.36190785342947,8.2347546559447e-08,9.34148004822614e-07,1.92202336276987,1
"TNNT3",0.607522804749401,0.00817808598496132,0.582324594471128,0.747394368134404,0,6.71794971244936,1.84299242533825e-11,5.6558527545591e-10,1.03712151472757,1
"TPSAB1",0.38477503573245,0.00809647222089053,1.75447554210493,0.415930220883026,0,4.27620948130972,1.90102354469257e-05,0.000112464367739381,1.08429621533328,1
"TRH",0.513869875201867,0.0081383906165874,0.849173443127329,0.654040029923695,0,5.69618247405221,1.22519747680627e-08,1.75095133523579e-07,1.76711656638782,1
"TRPS1",0.744644087472736,0.00824574307331998,0.147773895195163,0.928776688342162,0,8.20037751617635,2.22044604925031e-16,2.1869893283731e-14,1.31041392179366,1
"TWIST1",-0.474525395846575,0.00812166994740039,1.02943735415074,0.597668708879072,0,-5.26546574686879,1.39834391177374e-07,1.48677310006752e-06,-1.03987586977604,1
"C3AR1",-0.693092242765619,0.0581106401542173,11.8642117885927,0.00265288939748907,0.140380450021595,-2.87516788160809,0.00403812724480312,0.0116723737552043,-1.19058270101953,1
"C4BPB",0.764529549280419,0.00825761649875282,0.478006243886007,0.787412424112143,0,8.41331057268806,0,0,1.0230984689382,1
"UTY",0.428776933535354,0.0081048201389461,0.265575111987951,0.875651099177417,0,4.76277124885796,1.90952263023902e-06,1.50460061518888e-05,1.94687434821559,1
"WFS1",0.762220344865263,0.0152438994990137,3.23602946502818,0.198291971182398,0.0176782425339403,6.17351486441998,6.67882638083483e-10,1.35595058709512e-08,1.28835627726542,1
"WNT5A",0.745327431645215,0.0214546351072367,4.43072215973571,0.109114108226752,0.0347132103053222,5.08846204387813,3.60979010016749e-07,3.43920982288506e-06,1.04130488371422,1
"WNT7B",-0.675024448825686,0.00820890137454547,0.0785709952914932,0.961476170775004,0,-7.45035529393244,9.30366894635881e-14,5.07938510228736e-12,-1.63191951205548,1
"XIST",-0.457547904747001,0.00811959113770833,1.59616719996549,0.450190883779448,0,-5.07772866983591,3.81973650265266e-07,3.61795315134294e-06,-2.77806107085071,1
"ZFY",0.422870220196433,0.00810396902949745,0.54661598224052,0.760858413903017,0,4.69740726979681,2.63484741869213e-06,2.01195237413699e-05,1.76593516928265,1
"DAGLA",0.738402637989519,0.00824374771996065,0.104281305331058,0.949195350597232,0,8.13262773369355,4.44089209850063e-16,4.09714456454706e-14,1.32162126302437,1
"ZNF135",0.500286941374414,0.00812959550860568,0.821988573840737,0.662990719308682,0,5.5486163611565,2.87939219134614e-08,3.69805286107953e-07,1.05682198440601,1
"ZNF154",0.630061435792195,0.00818543890017214,0.324759641798087,0.850118250533564,0,6.96405051997269,3.30624416733372e-12,1.25182133057724e-10,1.20969398588769,1
"ZNF205",-0.443494989294924,0.0081080010658949,0.0782845980541292,0.961613862692966,0,-4.92529013758651,8.42352731122986e-07,7.26566613111229e-06,-1.06967088945074,1
"PXDN",0.274812951499744,0.00806204452128639,0.0851103574669816,0.958337584207845,0,3.06065656558355,0.00220852259088722,0.00696982762662113,1.15282144413432,1
"IL1R2",0.378188860516658,0.0121398962206832,2.71910545983369,0.256775599316997,0.0100475831490982,3.43242649436682,0.00059820601599192,0.00225207879522578,1.05055995148469,1
"HMGA2",0.78919897096174,0.00931527117053908,2.17446830483671,0.337147704482657,0.00250015665962578,8.17690137106663,2.22044604925031e-16,2.1869893283731e-14,2.69824203523439,1
"DDR1",1.20091544898818,0.047295016735879,9.23627712177394,0.00987115352149493,0.107229814389228,5.52210601419599,3.34960272851959e-08,4.21286962671527e-07,1.91115565847018,1
"CACNB2",0.538165957021005,0.00815169444908824,1.70764168771642,0.425784962144115,0,5.96063152866722,2.5126496439043e-09,4.33967936720295e-08,1.20389682057537,1
"CLTCL1",-0.542742626866485,0.0190768893965162,4.00774755831015,0.134812038359338,0.0283243055092097,-3.92952586202398,8.51135225774513e-05,0.000416901820769996,-1.20302965481652,1
"KDM5D",0.428236148249157,0.00810582184407733,0.565487261377032,0.753712991973665,0,4.75647038456177,1.97007125035675e-06,1.54645819151591e-05,2.32452275110932,1
"USP9Y",0.475839385727419,0.00812072351256135,0.151545038850981,0.927027063224504,0,5.28035381816515,1.28934658505386e-07,1.38707049227529e-06,2.12678234303243,1
"HYAL3",-0.967005674287824,0.0387418250987906,7.7295890045013,0.0209672307130877,0.0831509378398822,-4.91291199182522,8.97335626026674e-07,7.67182488011192e-06,-1.16483482255117,1
"BCAR3",0.736557580549389,0.0724474796132267,14.7892302084043,0.000614553171762891,0.182533382146235,2.73649754529594,0.00620970582501701,0.0167534484196322,1.05412474074171,1
"RASAL1",0.496937589174355,0.00812789843087436,0.0880581705201129,0.956926124623096,0,5.51204449650958,3.5468921577575e-08,4.42515852343675e-07,1.06936746469545,1
"UNC5C",-0.3871344765125,0.00809159748525723,0.238514263289551,0.887579546628834,0,-4.30372699288874,1.67948602147749e-05,0.000101164742706932,-1.0182809407542,1
"DCHS1",0.684960150646806,0.0124444389743652,2.73736761966974,0.25444163283238,0.010487122377568,6.14013111178092,8.24533996635068e-10,1.63526966924482e-08,1.17071294549424,1
"DDX3Y",0.402840877849976,0.00809819802723398,0.728587135434218,0.694687227061859,0,4.47650771646111,7.58739270434461e-06,5.03878922329072e-05,2.03634316057801,1
"DLK1",0.434316976852917,0.00932218671673423,2.20867739220512,0.331429985728291,0.00292176758486577,4.49829472843156,6.85006915723818e-06,4.61430028211927e-05,1.46693892896898,1
"NRP2",0.621148357232857,0.0477855119529477,9.78333380192242,0.00750889545219381,0.110263516383403,2.84149711452481,0.00449022583027125,0.0127861650724115,1.2010871114357,1
"NRP1",0.489646838660288,0.0169898748745954,3.61467482580673,0.164090460813234,0.0227218217644315,3.75653867711983,0.000172279655966667,0.000770816619099481,1.19803842434977,1
"SOCS2",0.567518504879814,0.00815868628472379,0.404920067770294,0.816719123036125,0,6.28304123472204,3.32012861647968e-10,7.20201113726552e-09,1.24220700795875,1
"PROM1",0.72187527170288,0.0126891250791557,2.77651234831657,0.249510027514754,0.0110665616509737,6.408351514135,1.47101442138364e-10,3.50375444779565e-09,2.2970673187933,1
"NR1I2",-0.810830006798151,0.0185285792589751,3.84141483852879,0.146503286216538,0.0264140544381868,-5.9567414848766,2.57316790097661e-09,4.42846145130296e-08,-1.28338031480331,1
"CCNA1",-1.07017129104232,0.00847326289314299,1.26893147153458,0.530218689540025,0,-11.6259367432374,0,0,-2.71400311911444,1
"SGCE",0.760391553301881,0.0174198443008193,3.64356204811447,0.161737435997707,0.0234998762252334,5.76122915044452,8.35035796065142e-09,1.24334185896237e-07,1.05482334540371,1
"CACNA1H",0.596376647852933,0.00817192753878291,0.596855045014139,0.741984057045585,0,6.59718064326678,4.19049239752667e-11,1.16796955408693e-09,1.1403415941764,1
"CHRNA6",-0.495805357078619,0.00812722522782332,0.0831833050795447,0.959261412567594,0,-5.49971351397627,3.80408813338562e-08,4.71532251023488e-07,-1.02573691404185,1
"ARTN",-0.758307126383155,0.00825597061774962,1.36774654380375,0.504658522296045,0,-8.3456673094121,0,0,-1.69264862784564,1
"SLC7A7",0.532203813249625,0.00814475863359719,0.566749017417017,0.753237640973661,0,5.89710516281509,3.69934105570735e-09,6.10014644446222e-08,1.22364151579914,1
"CLDN12",-1.11170374372101,0.00851445615606573,1.25683594490761,0.533435042746926,0,-12.0478793962279,0,0,-1.19015913999701,1
"EIF1AY",0.456833120319527,0.00811719369998437,0.966856067165018,0.616665813197734,0,5.07054484236092,3.96678433434161e-07,3.74506575399596e-06,2.00884702941052,1
"TMSB4Y",0.425251018081453,0.00810520450826209,0.649617356949406,0.722665601901952,0,4.7234940579295,2.31826735852536e-06,1.78990377570043e-05,1.05379839994473,1
"SLC16A6",0.541132480965411,0.00814570816611279,0.620261356097859,0.73335111706923,0,5.9956901298813,2.02623073874975e-09,3.61965263220037e-08,1.08479961304416,1
"DLGAP2",1.23079882395773,0.0335094443157727,6.53176108059155,0.0381633159468382,0.0673640827478744,6.72362463250744,1.77258208111652e-11,5.46277568635002e-10,3.04207386864083,1
"TGM5",-0.66843183724443,0.00820957262995089,0.858017414955688,0.651154259245062,0,-7.37728994076317,1.61648472385423e-13,8.44569814323408e-12,-1.51851808557001,1
"NDST3",-0.84731005465526,0.008313008465896,0.666124109816423,0.716725716427137,0,-9.29315645173883,0,0,-2.20011388236657,1
"TSIX",-0.477642322306543,0.0081263424381826,1.37639506826566,0.502480958081129,0,-5.29852809647694,1.16739915512198e-07,1.27756587719318e-06,-1.31840674750928,1
"CYP7B1",-0.7397933466822,0.00824356779210568,0.451874325024461,0.797768229842079,0,-8.14803365747664,4.44089209850063e-16,4.09714456454706e-14,-1.88506043327713,1
"ABCG2",0.689914948937374,0.041295622296197,8.41336887966758,0.0148956740584348,0.0912078676003348,3.39502946446206,0.000686212152004373,0.00254397623086667,1.04931026117175,1
"NCR2",-0.51561279000326,0.00813636919035149,0.204138378791626,0.902967073761225,0,-5.71621240884077,1.08924569364177e-08,1.57675615453983e-07,-1.26025140869498,1
"RASAL2",-0.866794667891344,0.00832273401607397,0.270997855192552,0.873280099436808,0,-9.50130420944251,0,0,-1.76510999016765,1
"ADAMTS3",-0.623164537574119,0.00818202489264355,0.251787400099025,0.881708567379137,0,-6.88925615250039,5.60840263119644e-12,1.95923688756015e-10,-1.62459645110402,1
"ADAMTS1",-0.478921884509521,0.00812266171934779,0.37290020252938,0.829899971877216,0,-5.31392596439505,1.07288222528368e-07,1.18750221700533e-06,-1.17228639945097,1
"STXBP5L",0.498573295664115,0.00955610295918963,2.24442023176812,0.325559474754693,0.00343860663436269,5.1002163973164,3.39265373350273e-07,3.25359957060982e-06,1.12622828609189,1
"CD1C",0.492328394265409,0.00812680558801027,0.266300773813275,0.87533344352106,0,5.46128635133265,4.72696877196199e-08,5.69934026376261e-07,1.29449398109023,1
"CD1E",0.454219279638493,0.00811593294808436,1.55119945092189,0.460427568045797,0,5.04192451104164,4.60873107677173e-07,4.27091372575344e-06,1.09538072597764,1
"SNCAIP",-0.361838885105326,0.00808350869802753,0.241172363348559,0.886400692557743,0,-4.02453104269814,5.70889636044569e-05,0.000295520533544804,-1.09802252135101,1
"CD14",0.380677726793318,0.00809179420128623,0.787438969152179,0.674543249488968,0,4.23189664902789,2.31728892003957e-05,0.000134044129315146,1.11079114195361,1
"SCRN1",0.440139545179197,0.00810840028643515,1.11569318056864,0.572440436345499,0,4.88790549173076,1.01914430694627e-06,8.55764202900681e-06,1.01882516812128,1
"JAKMIP2",0.821538832246947,0.0462850350085785,9.36087175397381,0.00927497025977624,0.105490506345272,3.81863191620909,0.000134193818686068,0.000621589861768927,1.4631991809556,1
"FAM30A",0.605062208204387,0.0126956024950779,2.79403033188479,0.24733411454691,0.0112377490719938,5.36998867777012,7.8741585696207e-08,9.00954548425126e-07,1.49505788425679,1
"PPP1R26",-0.71976282455209,0.0082333193887201,1.58840862017094,0.451940696547841,0,-7.93235113049299,2.22044604925031e-15,1.8390592079501e-13,-1.35216499840286,1
"SV2B",-0.691392894913554,0.00821649372788853,0.531513266318416,0.766625676069085,0,-7.62749002184224,2.39808173319034e-14,1.54676271790777e-12,-1.76086215765079,1
"SRGAP3",-0.969931011535496,0.0084020319852056,1.12202208213088,0.570631839876052,0,-10.5815351754223,0,0,-1.71722654652459,1
"MRC2",-0.720826393539477,0.00823972316748581,1.38101007973365,0.50132281711148,0,-7.94098489336327,1.99840144432528e-15,1.66461130593884e-13,-1.45521160585133,1
"P2RY14",0.579470164656528,0.0275488637789016,5.67313924141506,0.0586264323146629,0.051905397784904,3.49123621920386,0.00048079096332132,0.00186793440094213,1.12430926483653,1
"CD34",0.614810829016182,0.00818040308471858,1.80542355979649,0.40546862586557,0,6.79757732368616,1.06392672449829e-11,3.44641330289145e-10,2.21158418899056,1
"HS3ST1",0.576046512273027,0.0276670784432511,5.6974117764357,0.0579192263495881,0.0522459064252898,3.46318666677037,0.000533817922110824,0.00204077205628363,1.11398754556669,1
"SLC23A1",0.550254190231145,0.0207620843864504,4.33450641510821,0.114491670248668,0.0329435389091898,3.81880851696781,0.00013409779993645,0.000621342539629254,1.02127750246287,1
"AKT3",1.18852979976166,0.0349906065740698,6.84253956849745,0.0326709235652186,0.0717054482809426,6.35381169332179,2.10043982207253e-10,4.78407988849239e-09,2.03110507934016,1
"TOM1L1",-0.581889358588993,0.0081704502600494,1.62050150008982,0.444746532027044,0,-6.43750263480319,1.21455290269523e-10,2.97555254833418e-09,-1.48957344837024,1
"GPC6",-0.501326939962072,0.00812923295065012,0.0516692737719479,0.974496222015583,0,-5.5602748360579,2.69350148851544e-08,3.51191155617974e-07,-1.50958154447085,1
"CD48",0.712840458002666,0.00823095348167866,0.341300750168842,0.843116296411333,0,7.85719021191993,3.99680288865056e-15,3.13233310257308e-13,1.19938682634501,1
"OPTN",0.730394971749509,0.00945029560022242,2.20401503665456,0.332203509205151,0.00291227220415255,7.5133752191464,5.77315972805081e-14,3.42094916080474e-12,1.07371846903202,1
"AASS",0.53910590819713,0.00814695083465556,1.91819227303461,0.383239125325509,0,5.97278034852933,2.33243846459175e-09,4.08162731072676e-08,1.23538825948792,1
"LPAR6",0.772981074785712,0.015813528534909,3.34045085117111,0.188204634716433,0.0191758629724899,6.14687621929064,7.90237431047558e-10,1.57367363830331e-08,1.63994259019424,1
"CALCRL",0.733132928569028,0.00823990465757142,1.00957673398065,0.603633310644342,0,8.07647090573925,6.66133814775094e-16,5.95719792513898e-14,1.70078591067114,1
"GDF11",-0.857075638413848,0.00849552962371845,2.02943599660996,0.362504642343356,0.000424127921729062,-9.2987360793282,0,0,-1.22203901310462,1
"CD96",-0.50725953143718,0.00813208974161579,0.792597926175705,0.672805521850735,0,-5.62508558897168,1.85416018094742e-08,2.51892758226193e-07,-1.13699276469645,1
"SPRY1",0.532762890405091,0.00854600118220383,2.0678268443355,0.355612571811126,0.000956546254055945,5.76305138853304,8.26066304249196e-09,1.23124422464627e-07,1.15116397894728,1
"SPRY2",-0.926314521396757,0.0142467217772583,3.02158522964547,0.220734950810077,0.0147758619838823,-7.76070188075655,8.43769498715119e-15,6.14981399138514e-13,-1.83264481258373,1
"IRX5",-0.761266587029765,0.00826178711812165,1.01304423573873,0.60258766756562,0,-8.37528835334727,0,0,-2.23087734955264,1
"ABCA9",1.2054829154458,0.0825489241334922,16.237763634093,0.000297861537992176,0.210815988707112,4.19570891946173,2.72019412994595e-05,0.00015434904566844,2.0564940203269,1
"DLC1",-0.774014922548115,0.0082629024268071,0.158265105943608,0.923917448324502,0,-8.51496802601904,0,0,-1.60078126027822,1
"IFITM3",0.802971334513218,0.00828153212309157,0.0974786179746218,0.952429387119303,0,8.82357732928287,0,0,1.44014941597163,1
"SPON1",0.594098878877769,0.00817193253757803,1.70855142950041,0.425591329000966,0,6.57198171538375,4.96500618396567e-11,1.33533016870235e-09,1.627169520387,1
"LRRN2",0.602038861359725,0.00817345946073916,0.540311267673093,0.763260695902176,0,6.65919249736913,2.75335310107039e-11,8.04321205497055e-10,1.4639759475162,1
"CLEC10A",0.483845248325524,0.0081260121025694,0.643963098550242,0.724711561660188,0,5.36744679223619,7.98590562567369e-08,9.13023892591729e-07,1.47482788221936,1
"UNC13B",-0.646218388456799,0.00819355170001377,0.353254193077005,0.838092253761424,0,-7.13909584767727,9.39470723437807e-13,4.21374299555474e-11,-1.45025040002282,1
"SEMA3C",0.697835354220036,0.00822531124382701,0.90855545187839,0.634906378787608,0,7.69443611093562,1.4210854715202e-14,9.9592129415144e-13,1.65212982369901,1
"CDH4",0.712588723721345,0.00823083953794952,0.480276755094671,0.786519016963437,0,7.8544698700674,3.99680288865056e-15,3.13233310257308e-13,1.99802246471431,1
"CYP46A1",0.643597486103117,0.00819353719250077,1.2273079964498,0.541369088879074,0,7.11014773084152,1.15929488231359e-12,5.04448999984632e-11,1.31196442985489,1
"ME3",0.774797187208477,0.00826458018880277,1.46143484876867,0.481563380818764,0,8.52270853615341,0,0,1.0399529195044,1
"C1QL1",-0.598747148074326,0.00817080547004282,0.00503604071135369,0.997485147198366,0,-6.62385813285145,3.49942297361849e-11,9.96310325906968e-10,-1.01205313741812,1
"PPARGC1A",-0.432598251196445,0.00810475476441319,0.431653817053563,0.805874779854781,0,-4.80523708623688,1.54568232235697e-06,1.24345536495571e-05,-1.31540346115643,1
"MTMR11",0.441238212192689,0.00810841410320572,0.363547145734374,0.833790111747824,0,4.90010240302385,9.5786716447499e-07,8.09908912793036e-06,1.0943671517715,1
"IFI44L",0.637394886033627,0.00818931465618031,0.863813978629892,0.649269762902255,0,7.04343961404729,1.87561077780174e-12,7.61581568468411e-11,1.36879914280738,1
"LILRB4",0.458025625296969,0.00811367137936403,0.517737037743057,0.771924509877409,0,5.08488422720495,3.67850379490164e-07,3.4978179920601e-06,1.32760443754639,1
"RBPMS",0.824002306504827,0.00829457087357227,0.0469080167091389,0.97681889914422,0,9.04755988139232,0,0,2.56798588290602,1
"TPPP",-0.547765077961116,0.00814821450513312,0.395965187570356,0.820384132796005,0,-6.06824510446526,1.29315447239264e-09,2.42916401341077e-08,-1.03649252933582,1
"CETP",0.694966329309555,0.00821871713859243,0.000913729009001839,0.999543239842196,0,7.6658752398796,1.77635683940025e-14,1.19879415036747e-12,1.46005553266959,1
"ADCY1",-0.512164997517304,0.00813740679909734,0.899630588361435,0.637745936129323,0,-5.67762730407755,1.36575879494671e-08,1.92726679128153e-07,-1.12417633811604,1
"HSPA4L",-0.466411930682504,0.00811829446558588,0.542471101761741,0.7624368825725,0,-5.17651230919155,2.2607214344994e-07,2.28630653184743e-06,-1.0793070848505,1
"COBLL1",1.22157847393991,0.0434707266776489,8.4640572633081,0.0145228990321332,0.096051627672906,5.85899221739074,4.65684513173414e-09,7.50916277492131e-08,1.84360092969953,1
"CNKSR2",0.652848277736352,0.0662505978611279,13.5774534785383,0.00112640206502127,0.164455532743919,2.53639776511309,0.0111999439631683,0.0276059491293716,1.02478762074639,1
"PLEKHA6",-0.682004929479771,0.00821240146007264,0.0636574554017671,0.968672474634214,0,-7.52579575953882,5.24025267623074e-14,3.13062144513998e-12,-1.23861493942648,1
"RPH3A",0.431979929993065,0.0101748321460557,2.35960228190556,0.307339849834381,0.00502842705806754,4.28252535617117,1.84784067114308e-05,0.000109763543045039,1.16371012468557,1
"LIMCH1",0.858263693003602,0.0207727805336665,4.25613479454286,0.11906718119967,0.032465275694274,5.95488562768197,2.60253774087005e-09,4.45902135325035e-08,1.57282295281553,1
"DTX4",0.620951831857913,0.00818145170917325,0.501640455994735,0.778162250771592,0,6.86503454513816,6.64757138224559e-12,2.28541622733476e-10,1.03771899158355,1
"COBL",1.38835171751888,0.126542649534267,24.5871437478826,4.58109789297707e-06,0.340400331390281,3.90284263093081,9.5069518555313e-05,0.00045964456782116,3.21141904688799,1
"SASH1",0.512835326574051,0.00814194903932071,1.9210456266697,0.382692756788168,0,5.68347225115369,1.31987147877766e-08,1.87339498988723e-07,1.3671966541071,1
"TPSD1",0.658401549900102,0.0082030835975556,0.621483721975737,0.732903042319994,0,7.26946208593356,3.60822483003176e-13,1.74162560752891e-11,1.89415900068088,1
"ABCA6",1.09787591655779,0.0575181968836549,11.3733596151784,0.00339083251671,0.13746540481281,4.57773477403231,4.70038122157845e-06,3.3285550922116e-05,1.8703283060284,1
"LILRA4",0.858987446299146,0.0418943526030267,8.43488141304439,0.014736310828945,0.0925558948567198,4.19671111433687,2.70819015280033e-05,0.000153727756453934,1.585618859247,1
"TSPAN15",0.716980051379864,0.0188913995277517,3.94480475682641,0.139122230184222,0.0276841243466032,5.21644948326242,1.8238528642911e-07,1.89091772423694e-06,1.150803802571,1
"LDOC1",0.90068645136016,0.0236560621427659,4.79889160208707,0.0907682430184288,0.0403813199635343,5.85601800981097,4.74096828462223e-09,7.60018341989848e-08,1.7245885154294,1
"SH3BP4",0.539341677588582,0.00814553290748959,0.114714443309411,0.944256700171418,0,5.9759125071984,2.28805774327157e-09,4.02544115909483e-08,1.50815633801227,1
"RASGRP3",-0.593968381064546,0.00817669063064982,1.8090828137203,0.404727447781943,0,-6.56862612829337,5.07816011463547e-11,1.36074154395296e-09,-1.04369771324036,1
"ZNF521",0.564985658951954,0.0136890981183405,2.98147140824487,0.225206908925383,0.01386377905557,4.82891994995961,1.37275575129436e-06,1.11666632737823e-05,1.94148256059397,1
"SOSTDC1",0.640955643610158,0.0120516645028112,2.67532976196383,0.262457823830352,0.00955473709076569,5.83854267994275,5.26593946226228e-09,8.28064719971923e-08,1.29774709526813,1
"WWTR1",0.949447460880467,0.00837957786761858,0.825735138672846,0.66174991300536,0,10.371936921612,0,0,1.32718677186998,1
"CHD5",-0.625216806998325,0.00818368557932407,0.897496678448742,0.638426745448619,0,-6.91124321411299,4.80415707215798e-12,1.72488171529179e-10,-1.12892687370878,1
"SLITRK5",0.379871620753748,0.00809002838078542,1.07120714974958,0.585315901535298,0,4.22339622246113,2.4064820541847e-05,0.000138489099501975,1.01325108913866,1
"PPP1R16B",0.721226379050001,0.0188848507147333,3.93135548251922,0.140060929370535,0.0275396140997729,5.24825374983032,1.53547707881785e-07,1.61841282559131e-06,1.23855766139649,1
